index,Giá Q3/22,Giá Q4/22,Giá Q1/23,Giá Q2/23,Giá Q3/23,Giá Q4/23,Giá Q1/24,Giá Q2/24,Giá Q3/24,Giá Q2/22
7,34.0 34.5 39.0,36.0 37.7 38.8,36.0 37.7 38.8,36.0 37.0 39.4,36.0 37.0 39.4,39.8 40.6 59.9,45.3 49.2 68.3,45.8 58.5 63.9,65.9 74.0 83.3,
19,34.0 34.5 39.0,36.0 37.7 38.8,36.0 37.7 38.8,36.0 37.0 39.4,36.0 37.0 39.4,39.8 40.6 59.9,45.3 49.2 68.3,45.8 58.5 63.9,65.9 74.0 83.3,
22,38.2 40.7 44.3,40.9 40.9 78.8,40.9 40.9 78.8,41.1 44.6 48.7,41.2 43.4 46.2,42.1 44.6 48.0,48.0 52.5 65.3,51.1 59.7 66.1,54.6 61.0 64.9,
26,34.0 34.5 39.0,36.0 37.7 38.8,36.0 37.7 38.8,36.0 37.0 39.4,36.0 37.0 39.4,39.8 40.6 59.9,45.3 49.2 68.3,45.8 58.5 63.9,65.9 74.0 83.3,
27,34.0 34.5 39.0,36.0 37.7 38.8,36.0 37.7 38.8,36.0 37.0 39.4,36.0 37.0 39.4,39.8 40.6 59.9,45.3 49.2 68.3,45.8 58.5 63.9,65.9 74.0 83.3,
30,75.0 87.5 109.9,75.0 90.9 118.2,85.9 95.7 107.1,,84.6 100.0 166.7,86.4 106.5 114.4,93.5 100.0 107.1,96.3 100.0 147.6,100.0 149.1 231.9,
31,75.0 87.5 109.9,75.0 90.9 118.2,85.9 95.7 107.1,,84.6 100.0 166.7,86.4 106.5 114.4,93.5 100.0 107.1,96.3 100.0 147.6,100.0 149.1 231.9,
35,34.0 34.5 39.0,36.0 37.7 38.8,36.0 37.7 38.8,36.0 37.0 39.4,36.0 37.0 39.4,39.8 40.6 59.9,45.3 49.2 68.3,45.8 58.5 63.9,65.9 74.0 83.3,
36,38.2 40.7 44.3,40.9 40.9 78.8,40.9 40.9 78.8,41.1 44.6 48.7,41.2 43.4 46.2,42.1 44.6 48.0,48.0 52.5 65.3,51.1 59.7 66.1,54.6 61.0 64.9,
37,50.0 55.0 57.2,,50.0 56.9 61.0,49.0 53.0 60.1,48.0 57.9 64.6,48.6 64.8 67.0,50.3 67.0 70.0,57.0 65.3 86.2,70.4 79.3 89.3,
41,40.0 42.3 43.4,41.0 42.1 43.4,41.0 42.1 43.4,41.0 42.1 43.4,41.0 42.1 43.4,41.0 42.1 43.4,41.0 42.1 43.4,53.2 59.3 64.4,58.7 67.6 74.0,
42,34.0 34.5 39.0,36.0 37.7 38.8,36.0 37.7 38.8,36.0 37.0 39.4,36.0 37.0 39.4,39.8 40.6 59.9,45.3 49.2 68.3,45.8 58.5 63.9,65.9 74.0 83.3,
47,34.0 34.5 39.0,36.0 37.7 38.8,36.0 37.7 38.8,36.0 37.0 39.4,36.0 37.0 39.4,39.8 40.6 59.9,45.3 49.2 68.3,45.8 58.5 63.9,65.9 74.0 83.3,
48,50.0 55.0 57.2,,50.0 56.9 61.0,49.0 53.0 60.1,48.0 57.9 64.6,48.6 64.8 67.0,50.3 67.0 70.0,57.0 65.3 86.2,70.4 79.3 89.3,
49,56.0 60.3 72.8,59.8 65.8 71.3,65.2 73.8 91.4,64.7 72.1 82.5,61.1 69.3 81.4,63.5 72.0 87.7,68.4 76.6 86.7,73.8 80.0 83.3,73.2 87.7 103.6,
52,75.0 87.5 109.9,75.0 90.9 118.2,85.9 95.7 107.1,,84.6 100.0 166.7,86.4 106.5 114.4,93.5 100.0 107.1,96.3 100.0 147.6,100.0 149.1 231.9,
53,45.8 54.2 57.0,45.8 54.2 57.0,45.8 54.2 57.0,53.9 58.3 65.1,51.5 56.9 67.2,63.6 66.8 81.2,63.6 66.8 81.2,76.5 88.9 92.2,76.5 84.5 87.6,
54,34.0 34.5 39.0,36.0 37.7 38.8,36.0 37.7 38.8,36.0 37.0 39.4,36.0 37.0 39.4,39.8 40.6 59.9,45.3 49.2 68.3,45.8 58.5 63.9,65.9 74.0 83.3,
56,38.2 40.7 44.3,40.9 40.9 78.8,40.9 40.9 78.8,41.1 44.6 48.7,41.2 43.4 46.2,42.1 44.6 48.0,48.0 52.5 65.3,51.1 59.7 66.1,54.6 61.0 64.9,
57,50.0 55.0 57.2,,50.0 56.9 61.0,49.0 53.0 60.1,48.0 57.9 64.6,48.6 64.8 67.0,50.3 67.0 70.0,57.0 65.3 86.2,70.4 79.3 89.3,
58,34.0 34.5 39.0,36.0 37.7 38.8,36.0 37.7 38.8,36.0 37.0 39.4,36.0 37.0 39.4,39.8 40.6 59.9,45.3 49.2 68.3,45.8 58.5 63.9,65.9 74.0 83.3,
64,34.0 34.5 39.0,36.0 37.7 38.8,36.0 37.7 38.8,36.0 37.0 39.4,36.0 37.0 39.4,39.8 40.6 59.9,45.3 49.2 68.3,45.8 58.5 63.9,65.9 74.0 83.3,
65,34.0 34.5 39.0,36.0 37.7 38.8,36.0 37.7 38.8,36.0 37.0 39.4,36.0 37.0 39.4,39.8 40.6 59.9,45.3 49.2 68.3,45.8 58.5 63.9,65.9 74.0 83.3,
66,75.0 87.5 109.9,75.0 90.9 118.2,85.9 95.7 107.1,,84.6 100.0 166.7,86.4 106.5 114.4,93.5 100.0 107.1,96.3 100.0 147.6,100.0 149.1 231.9,
67,34.0 34.5 39.0,36.0 37.7 38.8,36.0 37.7 38.8,36.0 37.0 39.4,36.0 37.0 39.4,39.8 40.6 59.9,45.3 49.2 68.3,45.8 58.5 63.9,65.9 74.0 83.3,
68,56.0 60.3 72.8,59.8 65.8 71.3,65.2 73.8 91.4,64.7 72.1 82.5,61.1 69.3 81.4,63.5 72.0 87.7,68.4 76.6 86.7,73.8 80.0 83.3,73.2 87.7 103.6,
70,38.2 40.7 44.3,40.9 40.9 78.8,40.9 40.9 78.8,41.1 44.6 48.7,41.2 43.4 46.2,42.1 44.6 48.0,48.0 52.5 65.3,51.1 59.7 66.1,54.6 61.0 64.9,
71,38.2 40.7 44.3,40.9 40.9 78.8,40.9 40.9 78.8,41.1 44.6 48.7,41.2 43.4 46.2,42.1 44.6 48.0,48.0 52.5 65.3,51.1 59.7 66.1,54.6 61.0 64.9,
72,38.2 40.7 44.3,40.9 40.9 78.8,40.9 40.9 78.8,41.1 44.6 48.7,41.2 43.4 46.2,42.1 44.6 48.0,48.0 52.5 65.3,51.1 59.7 66.1,54.6 61.0 64.9,
75,38.2 40.7 44.3,40.9 40.9 78.8,40.9 40.9 78.8,41.1 44.6 48.7,41.2 43.4 46.2,42.1 44.6 48.0,48.0 52.5 65.3,51.1 59.7 66.1,54.6 61.0 64.9,
80,50.0 55.0 57.2,,50.0 56.9 61.0,49.0 53.0 60.1,48.0 57.9 64.6,48.6 64.8 67.0,50.3 67.0 70.0,57.0 65.3 86.2,70.4 79.3 89.3,
81,50.0 55.0 57.2,,50.0 56.9 61.0,49.0 53.0 60.1,48.0 57.9 64.6,48.6 64.8 67.0,50.3 67.0 70.0,57.0 65.3 86.2,70.4 79.3 89.3,
84,34.0 34.5 39.0,36.0 37.7 38.8,36.0 37.7 38.8,36.0 37.0 39.4,36.0 37.0 39.4,39.8 40.6 59.9,45.3 49.2 68.3,45.8 58.5 63.9,65.9 74.0 83.3,
95,75.0 87.5 109.9,75.0 90.9 118.2,85.9 95.7 107.1,,84.6 100.0 166.7,86.4 106.5 114.4,93.5 100.0 107.1,96.3 100.0 147.6,100.0 149.1 231.9,
102,75.0 87.5 109.9,75.0 90.9 118.2,85.9 95.7 107.1,,84.6 100.0 166.7,86.4 106.5 114.4,93.5 100.0 107.1,96.3 100.0 147.6,100.0 149.1 231.9,
103,45.8 54.2 57.0,45.8 54.2 57.0,45.8 54.2 57.0,53.9 58.3 65.1,51.5 56.9 67.2,63.6 66.8 81.2,63.6 66.8 81.2,76.5 88.9 92.2,76.5 84.5 87.6,
108,75.0 87.5 109.9,75.0 90.9 118.2,85.9 95.7 107.1,,84.6 100.0 166.7,86.4 106.5 114.4,93.5 100.0 107.1,96.3 100.0 147.6,100.0 149.1 231.9,
113,34.0 34.5 39.0,36.0 37.7 38.8,36.0 37.7 38.8,36.0 37.0 39.4,36.0 37.0 39.4,39.8 40.6 59.9,45.3 49.2 68.3,45.8 58.5 63.9,65.9 74.0 83.3,
120,34.0 34.5 39.0,36.0 37.7 38.8,36.0 37.7 38.8,36.0 37.0 39.4,36.0 37.0 39.4,39.8 40.6 59.9,45.3 49.2 68.3,45.8 58.5 63.9,65.9 74.0 83.3,
127,56.0 60.3 72.8,59.8 65.8 71.3,65.2 73.8 91.4,64.7 72.1 82.5,61.1 69.3 81.4,63.5 72.0 87.7,68.4 76.6 86.7,73.8 80.0 83.3,73.2 87.7 103.6,
136,45.8 54.2 57.0,45.8 54.2 57.0,45.8 54.2 57.0,53.9 58.3 65.1,51.5 56.9 67.2,63.6 66.8 81.2,63.6 66.8 81.2,76.5 88.9 92.2,76.5 84.5 87.6,
137,34.0 34.5 39.0,36.0 37.7 38.8,36.0 37.7 38.8,36.0 37.0 39.4,36.0 37.0 39.4,39.8 40.6 59.9,45.3 49.2 68.3,45.8 58.5 63.9,65.9 74.0 83.3,
146,34.0 34.5 39.0,36.0 37.7 38.8,36.0 37.7 38.8,36.0 37.0 39.4,36.0 37.0 39.4,39.8 40.6 59.9,45.3 49.2 68.3,45.8 58.5 63.9,65.9 74.0 83.3,
148,50.0 55.0 57.2,,50.0 56.9 61.0,49.0 53.0 60.1,48.0 57.9 64.6,48.6 64.8 67.0,50.3 67.0 70.0,57.0 65.3 86.2,70.4 79.3 89.3,
150,50.0 55.0 57.2,,50.0 56.9 61.0,49.0 53.0 60.1,48.0 57.9 64.6,48.6 64.8 67.0,50.3 67.0 70.0,57.0 65.3 86.2,70.4 79.3 89.3,
154,38.2 40.7 44.3,40.9 40.9 78.8,40.9 40.9 78.8,41.1 44.6 48.7,41.2 43.4 46.2,42.1 44.6 48.0,48.0 52.5 65.3,51.1 59.7 66.1,54.6 61.0 64.9,
162,,750.0 800.0 900.0,750.0 800.0 900.0,750.0 800.0 900.0,523.3 613.7 715.4,516.1 830.0 967.6,483.9 603.0 973.9,483.9 569.5 867.6,526.0 599.2 750.0,
163,,750.0 800.0 900.0,750.0 800.0 900.0,750.0 800.0 900.0,523.3 613.7 715.4,516.1 830.0 967.6,483.9 603.0 973.9,483.9 569.5 867.6,526.0 599.2 750.0,
164,,750.0 800.0 900.0,750.0 800.0 900.0,750.0 800.0 900.0,523.3 613.7 715.4,516.1 830.0 967.6,483.9 603.0 973.9,483.9 569.5 867.6,526.0 599.2 750.0,
165,,750.0 800.0 900.0,750.0 800.0 900.0,750.0 800.0 900.0,523.3 613.7 715.4,516.1 830.0 967.6,483.9 603.0 973.9,483.9 569.5 867.6,526.0 599.2 750.0,
166,,34.5 61.4 82.6,34.5 61.4 82.6,34.5 61.4 82.6,53.8 64.4 75.6,65.0 68.6 77.7,66.4 68.4 77.5,57.9 66.8 91.8,66.7 88.6 91.8,
167,,750.0 800.0 900.0,750.0 800.0 900.0,750.0 800.0 900.0,523.3 613.7 715.4,516.1 830.0 967.6,483.9 603.0 973.9,483.9 569.5 867.6,526.0 599.2 750.0,
168,,34.5 61.4 82.6,34.5 61.4 82.6,34.5 61.4 82.6,53.8 64.4 75.6,65.0 68.6 77.7,66.4 68.4 77.5,57.9 66.8 91.8,66.7 88.6 91.8,
169,,750.0 800.0 900.0,750.0 800.0 900.0,750.0 800.0 900.0,523.3 613.7 715.4,516.1 830.0 967.6,483.9 603.0 973.9,483.9 569.5 867.6,526.0 599.2 750.0,
170,,750.0 800.0 900.0,750.0 800.0 900.0,750.0 800.0 900.0,523.3 613.7 715.4,516.1 830.0 967.6,483.9 603.0 973.9,483.9 569.5 867.6,526.0 599.2 750.0,
171,,750.0 800.0 900.0,750.0 800.0 900.0,750.0 800.0 900.0,523.3 613.7 715.4,516.1 830.0 967.6,483.9 603.0 973.9,483.9 569.5 867.6,526.0 599.2 750.0,
172,,750.0 800.0 900.0,750.0 800.0 900.0,750.0 800.0 900.0,523.3 613.7 715.4,516.1 830.0 967.6,483.9 603.0 973.9,483.9 569.5 867.6,526.0 599.2 750.0,
173,,750.0 800.0 900.0,750.0 800.0 900.0,750.0 800.0 900.0,523.3 613.7 715.4,516.1 830.0 967.6,483.9 603.0 973.9,483.9 569.5 867.6,526.0 599.2 750.0,
184,66.0 76.2 120.0,64.0 70.7 93.6,67.4 69.2 87.8,67.4 69.2 87.8,56.6 60.0 78.4,50.7 58.5 104.1,51.9 70.3 104.6,70.3 81.5 118.0,78.0 94.8 140.3,
197,66.0 76.2 120.0,64.0 70.7 93.6,67.4 69.2 87.8,67.4 69.2 87.8,56.6 60.0 78.4,50.7 58.5 104.1,51.9 70.3 104.6,70.3 81.5 118.0,78.0 94.8 140.3,
198,,53.8 61.1 68.0,53.8 61.1 68.0,53.8 61.1 68.0,53.8 61.1 68.0,53.8 61.1 68.0,53.8 61.1 68.0,53.8 61.1 68.0,142.3 197.4 271.4,
210,49.7 60.0 80.6,52.2 66.5 102.5,61.6 75.0 127.0,54.9 62.2 109.5,57.2 82.7 125.1,59.2 66.4 97.1,59.6 76.8 112.1,62.0 77.5 103.7,71.4 86.9 106.8,
214,29.5 35.1 38.3,30.8 35.4 40.0,32.9 35.9 40.8,35.9 42.0 49.8,33.8 40.6 45.8,34.0 41.0 52.8,39.9 42.6 49.9,46.7 50.9 56.7,48.5 53.6 64.9,
215,43.0 45.5 50.0,40.9 43.8 48.5,44.4 47.9 50.0,45.6 48.8 53.1,49.0 53.4 55.8,48.8 52.3 56.9,50.5 55.0 62.7,55.2 63.1 65.1,60.4 65.1 82.9,
220,25.0 26.6 32.8,25.0 28.5 31.8,25.4 28.5 34.7,25.6 29.6 33.9,25.2 30.0 41.3,25.4 26.5 30.8,27.8 35.0 54.5,33.8 35.4 45.4,39.2 47.7 52.4,
230,29.5 35.1 38.3,30.8 35.4 40.0,32.9 35.9 40.8,35.9 42.0 49.8,33.8 40.6 45.8,34.0 41.0 52.8,39.9 42.6 49.9,46.7 50.9 56.7,48.5 53.6 64.9,
232,66.0 76.2 120.0,64.0 70.7 93.6,67.4 69.2 87.8,67.4 69.2 87.8,56.6 60.0 78.4,50.7 58.5 104.1,51.9 70.3 104.6,70.3 81.5 118.0,78.0 94.8 140.3,
234,30.2 32.4 34.1,30.2 32.5 35.6,32.8 35.3 41.0,31.7 33.2 42.1,32.1 40.5 46.4,39.3 42.2 46.4,31.7 43.5 47.2,46.9 48.7 50.3,41.6 49.6 53.0,
242,30.2 32.4 34.1,30.2 32.5 35.6,32.8 35.3 41.0,31.7 33.2 42.1,32.1 40.5 46.4,39.3 42.2 46.4,31.7 43.5 47.2,46.9 48.7 50.3,41.6 49.6 53.0,
246,43.0 45.5 50.0,40.9 43.8 48.5,44.4 47.9 50.0,45.6 48.8 53.1,49.0 53.4 55.8,48.8 52.3 56.9,50.5 55.0 62.7,55.2 63.1 65.1,60.4 65.1 82.9,
247,66.0 76.2 120.0,64.0 70.7 93.6,67.4 69.2 87.8,67.4 69.2 87.8,56.6 60.0 78.4,50.7 58.5 104.1,51.9 70.3 104.6,70.3 81.5 118.0,78.0 94.8 140.3,
248,66.0 76.2 120.0,64.0 70.7 93.6,67.4 69.2 87.8,67.4 69.2 87.8,56.6 60.0 78.4,50.7 58.5 104.1,51.9 70.3 104.6,70.3 81.5 118.0,78.0 94.8 140.3,
249,54.7 61.9 69.6,56.4 65.0 70.5,59.1 63.7 70.5,54.6 61.9 77.1,57.0 63.0 107.4,60.0 74.0 104.6,63.2 85.1 195.1,68.7 86.7 139.1,74.6 101.3 205.6,
264,54.7 61.9 69.6,56.4 65.0 70.5,59.1 63.7 70.5,54.6 61.9 77.1,57.0 63.0 107.4,60.0 74.0 104.6,63.2 85.1 195.1,68.7 86.7 139.1,74.6 101.3 205.6,
268,54.7 61.9 69.6,56.4 65.0 70.5,59.1 63.7 70.5,54.6 61.9 77.1,57.0 63.0 107.4,60.0 74.0 104.6,63.2 85.1 195.1,68.7 86.7 139.1,74.6 101.3 205.6,
275,29.5 35.1 38.3,30.8 35.4 40.0,32.9 35.9 40.8,35.9 42.0 49.8,33.8 40.6 45.8,34.0 41.0 52.8,39.9 42.6 49.9,46.7 50.9 56.7,48.5 53.6 64.9,
278,29.5 35.1 38.3,30.8 35.4 40.0,32.9 35.9 40.8,35.9 42.0 49.8,33.8 40.6 45.8,34.0 41.0 52.8,39.9 42.6 49.9,46.7 50.9 56.7,48.5 53.6 64.9,
288,29.5 35.1 38.3,30.8 35.4 40.0,32.9 35.9 40.8,35.9 42.0 49.8,33.8 40.6 45.8,34.0 41.0 52.8,39.9 42.6 49.9,46.7 50.9 56.7,48.5 53.6 64.9,
291,49.7 60.0 80.6,52.2 66.5 102.5,61.6 75.0 127.0,54.9 62.2 109.5,57.2 82.7 125.1,59.2 66.4 97.1,59.6 76.8 112.1,62.0 77.5 103.7,71.4 86.9 106.8,
292,43.0 45.5 50.0,40.9 43.8 48.5,44.4 47.9 50.0,45.6 48.8 53.1,49.0 53.4 55.8,48.8 52.3 56.9,50.5 55.0 62.7,55.2 63.1 65.1,60.4 65.1 82.9,
293,43.0 45.5 50.0,40.9 43.8 48.5,44.4 47.9 50.0,45.6 48.8 53.1,49.0 53.4 55.8,48.8 52.3 56.9,50.5 55.0 62.7,55.2 63.1 65.1,60.4 65.1 82.9,
296,29.5 35.1 38.3,30.8 35.4 40.0,32.9 35.9 40.8,35.9 42.0 49.8,33.8 40.6 45.8,34.0 41.0 52.8,39.9 42.6 49.9,46.7 50.9 56.7,48.5 53.6 64.9,
297,29.5 35.1 38.3,30.8 35.4 40.0,32.9 35.9 40.8,35.9 42.0 49.8,33.8 40.6 45.8,34.0 41.0 52.8,39.9 42.6 49.9,46.7 50.9 56.7,48.5 53.6 64.9,
300,29.5 35.1 38.3,30.8 35.4 40.0,32.9 35.9 40.8,35.9 42.0 49.8,33.8 40.6 45.8,34.0 41.0 52.8,39.9 42.6 49.9,46.7 50.9 56.7,48.5 53.6 64.9,
307,29.5 35.1 38.3,30.8 35.4 40.0,32.9 35.9 40.8,35.9 42.0 49.8,33.8 40.6 45.8,34.0 41.0 52.8,39.9 42.6 49.9,46.7 50.9 56.7,48.5 53.6 64.9,
313,29.5 35.1 38.3,30.8 35.4 40.0,32.9 35.9 40.8,35.9 42.0 49.8,33.8 40.6 45.8,34.0 41.0 52.8,39.9 42.6 49.9,46.7 50.9 56.7,48.5 53.6 64.9,
315,66.0 76.2 120.0,64.0 70.7 93.6,67.4 69.2 87.8,67.4 69.2 87.8,56.6 60.0 78.4,50.7 58.5 104.1,51.9 70.3 104.6,70.3 81.5 118.0,78.0 94.8 140.3,
316,66.0 76.2 120.0,64.0 70.7 93.6,67.4 69.2 87.8,67.4 69.2 87.8,56.6 60.0 78.4,50.7 58.5 104.1,51.9 70.3 104.6,70.3 81.5 118.0,78.0 94.8 140.3,
317,66.0 76.2 120.0,64.0 70.7 93.6,67.4 69.2 87.8,67.4 69.2 87.8,56.6 60.0 78.4,50.7 58.5 104.1,51.9 70.3 104.6,70.3 81.5 118.0,78.0 94.8 140.3,
328,,53.8 61.1 68.0,53.8 61.1 68.0,53.8 61.1 68.0,53.8 61.1 68.0,53.8 61.1 68.0,53.8 61.1 68.0,53.8 61.1 68.0,142.3 197.4 271.4,
336,66.0 76.2 120.0,64.0 70.7 93.6,67.4 69.2 87.8,67.4 69.2 87.8,56.6 60.0 78.4,50.7 58.5 104.1,51.9 70.3 104.6,70.3 81.5 118.0,78.0 94.8 140.3,
339,44.0 45.2 46.1,44.0 45.2 46.1,44.0 45.2 46.1,44.0 45.2 46.1,44.0 45.2 46.1,54.2 57.1 63.4,56.7 62.7 74.2,56.6 64.5 74.8,60.4 70.5 78.3,
346,66.0 76.2 120.0,64.0 70.7 93.6,67.4 69.2 87.8,67.4 69.2 87.8,56.6 60.0 78.4,50.7 58.5 104.1,51.9 70.3 104.6,70.3 81.5 118.0,78.0 94.8 140.3,
351,66.0 76.2 120.0,64.0 70.7 93.6,67.4 69.2 87.8,67.4 69.2 87.8,56.6 60.0 78.4,50.7 58.5 104.1,51.9 70.3 104.6,70.3 81.5 118.0,78.0 94.8 140.3,
352,29.5 35.1 38.3,30.8 35.4 40.0,32.9 35.9 40.8,35.9 42.0 49.8,33.8 40.6 45.8,34.0 41.0 52.8,39.9 42.6 49.9,46.7 50.9 56.7,48.5 53.6 64.9,
370,49.7 60.0 80.6,52.2 66.5 102.5,61.6 75.0 127.0,54.9 62.2 109.5,57.2 82.7 125.1,59.2 66.4 97.1,59.6 76.8 112.1,62.0 77.5 103.7,71.4 86.9 106.8,
395,29.5 35.1 38.3,30.8 35.4 40.0,32.9 35.9 40.8,35.9 42.0 49.8,33.8 40.6 45.8,34.0 41.0 52.8,39.9 42.6 49.9,46.7 50.9 56.7,48.5 53.6 64.9,
397,49.7 60.0 80.6,52.2 66.5 102.5,61.6 75.0 127.0,54.9 62.2 109.5,57.2 82.7 125.1,59.2 66.4 97.1,59.6 76.8 112.1,62.0 77.5 103.7,71.4 86.9 106.8,
399,25.0 26.6 32.8,25.0 28.5 31.8,25.4 28.5 34.7,25.6 29.6 33.9,25.2 30.0 41.3,25.4 26.5 30.8,27.8 35.0 54.5,33.8 35.4 45.4,39.2 47.7 52.4,
402,29.5 35.1 38.3,30.8 35.4 40.0,32.9 35.9 40.8,35.9 42.0 49.8,33.8 40.6 45.8,34.0 41.0 52.8,39.9 42.6 49.9,46.7 50.9 56.7,48.5 53.6 64.9,
415,261.0 290.0 353.4,267.5 295.4 389.5,271.5 299.5 385.2,263.9 300.0 344.6,230.5 270.0 288.2,261.3 276.2 312.4,278.9 332.2 399.0,285.7 340.5 421.4,300.0 350.0 430.5,
434,261.0 290.0 353.4,267.5 295.4 389.5,271.5 299.5 385.2,263.9 300.0 344.6,230.5 270.0 288.2,261.3 276.2 312.4,278.9 332.2 399.0,285.7 340.5 421.4,300.0 350.0 430.5,
444,261.0 290.0 353.4,267.5 295.4 389.5,271.5 299.5 385.2,263.9 300.0 344.6,230.5 270.0 288.2,261.3 276.2 312.4,278.9 332.2 399.0,285.7 340.5 421.4,300.0 350.0 430.5,
447,261.0 290.0 353.4,267.5 295.4 389.5,271.5 299.5 385.2,263.9 300.0 344.6,230.5 270.0 288.2,261.3 276.2 312.4,278.9 332.2 399.0,285.7 340.5 421.4,300.0 350.0 430.5,
728,50.0 55.0 57.2,,50.0 56.9 61.0,49.0 53.0 60.1,48.0 57.9 64.6,48.6 64.8 67.0,50.3 67.0 70.0,57.0 65.3 86.2,70.4 79.3 89.3,
729,50.0 55.0 57.2,,50.0 56.9 61.0,49.0 53.0 60.1,48.0 57.9 64.6,48.6 64.8 67.0,50.3 67.0 70.0,57.0 65.3 86.2,70.4 79.3 89.3,
736,49.7 60.0 80.6,52.2 66.5 102.5,61.6 75.0 127.0,54.9 62.2 109.5,57.2 82.7 125.1,59.2 66.4 97.1,59.6 76.8 112.1,62.0 77.5 103.7,71.4 86.9 106.8,
740,66.0 76.2 120.0,64.0 70.7 93.6,67.4 69.2 87.8,67.4 69.2 87.8,56.6 60.0 78.4,50.7 58.5 104.1,51.9 70.3 104.6,70.3 81.5 118.0,78.0 94.8 140.3,
760,30.2 32.4 34.1,30.2 32.5 35.6,32.8 35.3 41.0,31.7 33.2 42.1,32.1 40.5 46.4,39.3 42.2 46.4,31.7 43.5 47.2,46.9 48.7 50.3,41.6 49.6 53.0,
761,261.0 290.0 353.4,267.5 295.4 389.5,271.5 299.5 385.2,263.9 300.0 344.6,230.5 270.0 288.2,261.3 276.2 312.4,278.9 332.2 399.0,285.7 340.5 421.4,300.0 350.0 430.5,
767,261.0 290.0 353.4,267.5 295.4 389.5,271.5 299.5 385.2,263.9 300.0 344.6,230.5 270.0 288.2,261.3 276.2 312.4,278.9 332.2 399.0,285.7 340.5 421.4,300.0 350.0 430.5,
780,261.0 290.0 353.4,267.5 295.4 389.5,271.5 299.5 385.2,263.9 300.0 344.6,230.5 270.0 288.2,261.3 276.2 312.4,278.9 332.2 399.0,285.7 340.5 421.4,300.0 350.0 430.5,
787,30.2 32.4 34.1,30.2 32.5 35.6,32.8 35.3 41.0,31.7 33.2 42.1,32.1 40.5 46.4,39.3 42.2 46.4,31.7 43.5 47.2,46.9 48.7 50.3,41.6 49.6 53.0,
789,261.0 290.0 353.4,267.5 295.4 389.5,271.5 299.5 385.2,263.9 300.0 344.6,230.5 270.0 288.2,261.3 276.2 312.4,278.9 332.2 399.0,285.7 340.5 421.4,300.0 350.0 430.5,
796,66.0 76.2 120.0,64.0 70.7 93.6,67.4 69.2 87.8,67.4 69.2 87.8,56.6 60.0 78.4,50.7 58.5 104.1,51.9 70.3 104.6,70.3 81.5 118.0,78.0 94.8 140.3,
816,49.7 60.0 80.6,52.2 66.5 102.5,61.6 75.0 127.0,54.9 62.2 109.5,57.2 82.7 125.1,59.2 66.4 97.1,59.6 76.8 112.1,62.0 77.5 103.7,71.4 86.9 106.8,
817,49.7 60.0 80.6,52.2 66.5 102.5,61.6 75.0 127.0,54.9 62.2 109.5,57.2 82.7 125.1,59.2 66.4 97.1,59.6 76.8 112.1,62.0 77.5 103.7,71.4 86.9 106.8,
856,32.7 39.9 56.6,35.0 38.8 50.1,35.0 38.8 50.1,33.4 45.0 50.0,45.8 48.1 53.0,44.7 48.5 53.9,49.0 54.0 59.9,50.6 54.2 61.2,51.6 55.1 62.6,
858,31.6 34.5 36.6,28.8 33.6 43.3,27.0 31.0 37.0,27.0 31.4 37.7,27.0 31.4 37.7,30.5 34.7 38.4,30.5 34.7 38.4,39.8 43.4 48.8,41.1 45.6 60.0,
866,32.7 39.9 56.6,35.0 38.8 50.1,35.0 38.8 50.1,33.4 45.0 50.0,45.8 48.1 53.0,44.7 48.5 53.9,49.0 54.0 59.9,50.6 54.2 61.2,51.6 55.1 62.6,
867,32.7 39.9 56.6,35.0 38.8 50.1,35.0 38.8 50.1,33.4 45.0 50.0,45.8 48.1 53.0,44.7 48.5 53.9,49.0 54.0 59.9,50.6 54.2 61.2,51.6 55.1 62.6,
894,32.7 39.9 56.6,35.0 38.8 50.1,35.0 38.8 50.1,33.4 45.0 50.0,45.8 48.1 53.0,44.7 48.5 53.9,49.0 54.0 59.9,50.6 54.2 61.2,51.6 55.1 62.6,
904,32.7 39.9 56.6,35.0 38.8 50.1,35.0 38.8 50.1,33.4 45.0 50.0,45.8 48.1 53.0,44.7 48.5 53.9,49.0 54.0 59.9,50.6 54.2 61.2,51.6 55.1 62.6,
922,32.7 39.9 56.6,35.0 38.8 50.1,35.0 38.8 50.1,33.4 45.0 50.0,45.8 48.1 53.0,44.7 48.5 53.9,49.0 54.0 59.9,50.6 54.2 61.2,51.6 55.1 62.6,
1002,31.4 35.4 41.2,33.6 37.1 61.6,35.1 38.7 41.2,35.3 38.8 45.2,37.7 40.0 58.5,37.7 40.0 58.5,42.9 46.1 53.6,45.0 50.0 56.7,50.0 57.1 62.8,
1003,40.0 44.1 49.8,43.9 46.0 52.0,42.4 47.0 57.2,41.0 46.9 54.6,45.6 51.6 59.7,47.1 55.0 61.7,50.4 57.9 74.4,55.1 64.0 73.3,59.0 67.2 75.3,
1005,32.7 39.9 56.6,35.0 38.8 50.1,35.0 38.8 50.1,33.4 45.0 50.0,45.8 48.1 53.0,44.7 48.5 53.9,49.0 54.0 59.9,50.6 54.2 61.2,51.6 55.1 62.6,
1007,32.7 39.9 56.6,35.0 38.8 50.1,35.0 38.8 50.1,33.4 45.0 50.0,45.8 48.1 53.0,44.7 48.5 53.9,49.0 54.0 59.9,50.6 54.2 61.2,51.6 55.1 62.6,
1012,31.4 35.4 41.2,33.6 37.1 61.6,35.1 38.7 41.2,35.3 38.8 45.2,37.7 40.0 58.5,37.7 40.0 58.5,42.9 46.1 53.6,45.0 50.0 56.7,50.0 57.1 62.8,
1014,33.3 35.9 43.0,33.7 35.0 37.5,36.5 40.8 43.8,36.7 40.0 42.0,41.8 43.8 44.8,43.0 46.2 49.3,45.0 49.6 53.8,45.9 51.8 56.9,51.5 57.3 59.8,
1015,32.5 34.6 36.4,32.3 37.0 39.8,30.8 34.6 38.4,32.5 34.4 38.3,32.7 36.7 39.2,34.6 36.9 40.0,35.0 43.7 47.8,43.8 46.3 51.4,43.9 47.0 51.7,
1020,32.5 34.6 36.4,32.3 37.0 39.8,30.8 34.6 38.4,32.5 34.4 38.3,32.7 36.7 39.2,34.6 36.9 40.0,35.0 43.7 47.8,43.8 46.3 51.4,43.9 47.0 51.7,
1026,31.4 35.4 41.2,33.6 37.1 61.6,35.1 38.7 41.2,35.3 38.8 45.2,37.7 40.0 58.5,37.7 40.0 58.5,42.9 46.1 53.6,45.0 50.0 56.7,50.0 57.1 62.8,
1034,32.7 39.9 56.6,35.0 38.8 50.1,35.0 38.8 50.1,33.4 45.0 50.0,45.8 48.1 53.0,44.7 48.5 53.9,49.0 54.0 59.9,50.6 54.2 61.2,51.6 55.1 62.6,
1035,41.8 46.1 55.0,41.1 46.5 58.3,47.8 55.2 60.1,50.0 54.5 59.3,46.5 54.2 62.2,49.0 55.0 61.5,52.9 61.2 64.9,60.0 73.2 123.2,68.1 83.2 110.1,
1036,32.7 39.9 56.6,35.0 38.8 50.1,35.0 38.8 50.1,33.4 45.0 50.0,45.8 48.1 53.0,44.7 48.5 53.9,49.0 54.0 59.9,50.6 54.2 61.2,51.6 55.1 62.6,
1052,40.0 44.1 49.8,43.9 46.0 52.0,42.4 47.0 57.2,41.0 46.9 54.6,45.6 51.6 59.7,47.1 55.0 61.7,50.4 57.9 74.4,55.1 64.0 73.3,59.0 67.2 75.3,
1053,32.7 39.9 56.6,35.0 38.8 50.1,35.0 38.8 50.1,33.4 45.0 50.0,45.8 48.1 53.0,44.7 48.5 53.9,49.0 54.0 59.9,50.6 54.2 61.2,51.6 55.1 62.6,
1059,32.7 39.9 56.6,35.0 38.8 50.1,35.0 38.8 50.1,33.4 45.0 50.0,45.8 48.1 53.0,44.7 48.5 53.9,49.0 54.0 59.9,50.6 54.2 61.2,51.6 55.1 62.6,
1061,32.5 37.0 40.4,35.3 38.2 43.6,36.3 40.0 44.1,35.7 38.3 44.3,37.6 40.8 51.8,40.0 45.0 51.3,43.8 50.0 56.8,46.9 53.5 63.8,49.7 55.8 65.0,
1064,32.5 37.0 40.4,35.3 38.2 43.6,36.3 40.0 44.1,35.7 38.3 44.3,37.6 40.8 51.8,40.0 45.0 51.3,43.8 50.0 56.8,46.9 53.5 63.8,49.7 55.8 65.0,
1066,32.5 37.0 40.4,35.3 38.2 43.6,36.3 40.0 44.1,35.7 38.3 44.3,37.6 40.8 51.8,40.0 45.0 51.3,43.8 50.0 56.8,46.9 53.5 63.8,49.7 55.8 65.0,
1067,41.8 46.1 55.0,41.1 46.5 58.3,47.8 55.2 60.1,50.0 54.5 59.3,46.5 54.2 62.2,49.0 55.0 61.5,52.9 61.2 64.9,60.0 73.2 123.2,68.1 83.2 110.1,
1071,31.4 35.4 41.2,33.6 37.1 61.6,35.1 38.7 41.2,35.3 38.8 45.2,37.7 40.0 58.5,37.7 40.0 58.5,42.9 46.1 53.6,45.0 50.0 56.7,50.0 57.1 62.8,
1076,40.0 44.1 49.8,43.9 46.0 52.0,42.4 47.0 57.2,41.0 46.9 54.6,45.6 51.6 59.7,47.1 55.0 61.7,50.4 57.9 74.4,55.1 64.0 73.3,59.0 67.2 75.3,
1077,33.5 36.2 37.0,30.0 38.6 45.5,33.4 39.6 41.7,33.4 39.6 41.7,42.8 46.7 53.8,44.2 50.7 60.6,48.0 53.7 61.1,62.5 65.4 70.8,62.7 70.0 72.9,
1086,32.5 37.0 40.4,35.3 38.2 43.6,36.3 40.0 44.1,35.7 38.3 44.3,37.6 40.8 51.8,40.0 45.0 51.3,43.8 50.0 56.8,46.9 53.5 63.8,49.7 55.8 65.0,
1087,28.3 31.0 35.0,29.0 31.0 45.2,30.0 32.2 40.5,31.0 32.2 39.4,30.0 34.7 37.1,31.7 36.3 42.5,33.6 39.0 48.6,39.2 43.3 48.1,42.5 47.0 56.9,
1088,40.0 44.1 49.8,43.9 46.0 52.0,42.4 47.0 57.2,41.0 46.9 54.6,45.6 51.6 59.7,47.1 55.0 61.7,50.4 57.9 74.4,55.1 64.0 73.3,59.0 67.2 75.3,
1091,32.7 39.9 56.6,35.0 38.8 50.1,35.0 38.8 50.1,33.4 45.0 50.0,45.8 48.1 53.0,44.7 48.5 53.9,49.0 54.0 59.9,50.6 54.2 61.2,51.6 55.1 62.6,
1097,31.4 35.4 41.2,33.6 37.1 61.6,35.1 38.7 41.2,35.3 38.8 45.2,37.7 40.0 58.5,37.7 40.0 58.5,42.9 46.1 53.6,45.0 50.0 56.7,50.0 57.1 62.8,
1098,32.5 34.6 36.4,32.3 37.0 39.8,30.8 34.6 38.4,32.5 34.4 38.3,32.7 36.7 39.2,34.6 36.9 40.0,35.0 43.7 47.8,43.8 46.3 51.4,43.9 47.0 51.7,
1102,32.5 37.0 40.4,35.3 38.2 43.6,36.3 40.0 44.1,35.7 38.3 44.3,37.6 40.8 51.8,40.0 45.0 51.3,43.8 50.0 56.8,46.9 53.5 63.8,49.7 55.8 65.0,
1109,32.7 39.9 56.6,35.0 38.8 50.1,35.0 38.8 50.1,33.4 45.0 50.0,45.8 48.1 53.0,44.7 48.5 53.9,49.0 54.0 59.9,50.6 54.2 61.2,51.6 55.1 62.6,
1123,40.0 44.1 49.8,43.9 46.0 52.0,42.4 47.0 57.2,41.0 46.9 54.6,45.6 51.6 59.7,47.1 55.0 61.7,50.4 57.9 74.4,55.1 64.0 73.3,59.0 67.2 75.3,
1127,33.3 35.9 43.0,33.7 35.0 37.5,36.5 40.8 43.8,36.7 40.0 42.0,41.8 43.8 44.8,43.0 46.2 49.3,45.0 49.6 53.8,45.9 51.8 56.9,51.5 57.3 59.8,
1129,41.8 46.1 55.0,41.1 46.5 58.3,47.8 55.2 60.1,50.0 54.5 59.3,46.5 54.2 62.2,49.0 55.0 61.5,52.9 61.2 64.9,60.0 73.2 123.2,68.1 83.2 110.1,
1132,40.0 44.1 49.8,43.9 46.0 52.0,42.4 47.0 57.2,41.0 46.9 54.6,45.6 51.6 59.7,47.1 55.0 61.7,50.4 57.9 74.4,55.1 64.0 73.3,59.0 67.2 75.3,
1134,40.0 44.1 49.8,43.9 46.0 52.0,42.4 47.0 57.2,41.0 46.9 54.6,45.6 51.6 59.7,47.1 55.0 61.7,50.4 57.9 74.4,55.1 64.0 73.3,59.0 67.2 75.3,
1151,40.0 44.1 49.8,43.9 46.0 52.0,42.4 47.0 57.2,41.0 46.9 54.6,45.6 51.6 59.7,47.1 55.0 61.7,50.4 57.9 74.4,55.1 64.0 73.3,59.0 67.2 75.3,
1162,32.5 37.0 40.4,35.3 38.2 43.6,36.3 40.0 44.1,35.7 38.3 44.3,37.6 40.8 51.8,40.0 45.0 51.3,43.8 50.0 56.8,46.9 53.5 63.8,49.7 55.8 65.0,
1170,40.0 44.1 49.8,43.9 46.0 52.0,42.4 47.0 57.2,41.0 46.9 54.6,45.6 51.6 59.7,47.1 55.0 61.7,50.4 57.9 74.4,55.1 64.0 73.3,59.0 67.2 75.3,
1171,40.0 44.1 49.8,43.9 46.0 52.0,42.4 47.0 57.2,41.0 46.9 54.6,45.6 51.6 59.7,47.1 55.0 61.7,50.4 57.9 74.4,55.1 64.0 73.3,59.0 67.2 75.3,
1173,40.0 44.1 49.8,43.9 46.0 52.0,42.4 47.0 57.2,41.0 46.9 54.6,45.6 51.6 59.7,47.1 55.0 61.7,50.4 57.9 74.4,55.1 64.0 73.3,59.0 67.2 75.3,
1174,32.7 39.9 56.6,35.0 38.8 50.1,35.0 38.8 50.1,33.4 45.0 50.0,45.8 48.1 53.0,44.7 48.5 53.9,49.0 54.0 59.9,50.6 54.2 61.2,51.6 55.1 62.6,
1178,33.3 35.9 43.0,33.7 35.0 37.5,36.5 40.8 43.8,36.7 40.0 42.0,41.8 43.8 44.8,43.0 46.2 49.3,45.0 49.6 53.8,45.9 51.8 56.9,51.5 57.3 59.8,
1189,40.0 44.1 49.8,43.9 46.0 52.0,42.4 47.0 57.2,41.0 46.9 54.6,45.6 51.6 59.7,47.1 55.0 61.7,50.4 57.9 74.4,55.1 64.0 73.3,59.0 67.2 75.3,
1190,40.0 44.1 49.8,43.9 46.0 52.0,42.4 47.0 57.2,41.0 46.9 54.6,45.6 51.6 59.7,47.1 55.0 61.7,50.4 57.9 74.4,55.1 64.0 73.3,59.0 67.2 75.3,
1201,40.0 44.1 49.8,43.9 46.0 52.0,42.4 47.0 57.2,41.0 46.9 54.6,45.6 51.6 59.7,47.1 55.0 61.7,50.4 57.9 74.4,55.1 64.0 73.3,59.0 67.2 75.3,
1202,40.0 44.1 49.8,43.9 46.0 52.0,42.4 47.0 57.2,41.0 46.9 54.6,45.6 51.6 59.7,47.1 55.0 61.7,50.4 57.9 74.4,55.1 64.0 73.3,59.0 67.2 75.3,
1215,32.7 39.9 56.6,35.0 38.8 50.1,35.0 38.8 50.1,33.4 45.0 50.0,45.8 48.1 53.0,44.7 48.5 53.9,49.0 54.0 59.9,50.6 54.2 61.2,51.6 55.1 62.6,
1218,32.7 39.9 56.6,35.0 38.8 50.1,35.0 38.8 50.1,33.4 45.0 50.0,45.8 48.1 53.0,44.7 48.5 53.9,49.0 54.0 59.9,50.6 54.2 61.2,51.6 55.1 62.6,
1227,40.0 44.1 49.8,43.9 46.0 52.0,42.4 47.0 57.2,41.0 46.9 54.6,45.6 51.6 59.7,47.1 55.0 61.7,50.4 57.9 74.4,55.1 64.0 73.3,59.0 67.2 75.3,
1232,40.0 44.1 49.8,43.9 46.0 52.0,42.4 47.0 57.2,41.0 46.9 54.6,45.6 51.6 59.7,47.1 55.0 61.7,50.4 57.9 74.4,55.1 64.0 73.3,59.0 67.2 75.3,
1233,41.8 46.1 55.0,41.1 46.5 58.3,47.8 55.2 60.1,50.0 54.5 59.3,46.5 54.2 62.2,49.0 55.0 61.5,52.9 61.2 64.9,60.0 73.2 123.2,68.1 83.2 110.1,
1234,28.3 31.0 35.0,29.0 31.0 45.2,30.0 32.2 40.5,31.0 32.2 39.4,30.0 34.7 37.1,31.7 36.3 42.5,33.6 39.0 48.6,39.2 43.3 48.1,42.5 47.0 56.9,
1238,40.0 44.1 49.8,43.9 46.0 52.0,42.4 47.0 57.2,41.0 46.9 54.6,45.6 51.6 59.7,47.1 55.0 61.7,50.4 57.9 74.4,55.1 64.0 73.3,59.0 67.2 75.3,
1239,40.0 44.1 49.8,43.9 46.0 52.0,42.4 47.0 57.2,41.0 46.9 54.6,45.6 51.6 59.7,47.1 55.0 61.7,50.4 57.9 74.4,55.1 64.0 73.3,59.0 67.2 75.3,
1252,28.3 31.0 35.0,29.0 31.0 45.2,30.0 32.2 40.5,31.0 32.2 39.4,30.0 34.7 37.1,31.7 36.3 42.5,33.6 39.0 48.6,39.2 43.3 48.1,42.5 47.0 56.9,
1253,40.0 44.1 49.8,43.9 46.0 52.0,42.4 47.0 57.2,41.0 46.9 54.6,45.6 51.6 59.7,47.1 55.0 61.7,50.4 57.9 74.4,55.1 64.0 73.3,59.0 67.2 75.3,
1257,32.5 34.6 36.4,32.3 37.0 39.8,30.8 34.6 38.4,32.5 34.4 38.3,32.7 36.7 39.2,34.6 36.9 40.0,35.0 43.7 47.8,43.8 46.3 51.4,43.9 47.0 51.7,
1265,32.7 39.9 56.6,35.0 38.8 50.1,35.0 38.8 50.1,33.4 45.0 50.0,45.8 48.1 53.0,44.7 48.5 53.9,49.0 54.0 59.9,50.6 54.2 61.2,51.6 55.1 62.6,
1266,32.7 39.9 56.6,35.0 38.8 50.1,35.0 38.8 50.1,33.4 45.0 50.0,45.8 48.1 53.0,44.7 48.5 53.9,49.0 54.0 59.9,50.6 54.2 61.2,51.6 55.1 62.6,
1267,32.7 39.9 56.6,35.0 38.8 50.1,35.0 38.8 50.1,33.4 45.0 50.0,45.8 48.1 53.0,44.7 48.5 53.9,49.0 54.0 59.9,50.6 54.2 61.2,51.6 55.1 62.6,
1280,32.7 39.9 56.6,35.0 38.8 50.1,35.0 38.8 50.1,33.4 45.0 50.0,45.8 48.1 53.0,44.7 48.5 53.9,49.0 54.0 59.9,50.6 54.2 61.2,51.6 55.1 62.6,
1282,40.0 44.1 49.8,43.9 46.0 52.0,42.4 47.0 57.2,41.0 46.9 54.6,45.6 51.6 59.7,47.1 55.0 61.7,50.4 57.9 74.4,55.1 64.0 73.3,59.0 67.2 75.3,
1283,40.0 44.1 49.8,43.9 46.0 52.0,42.4 47.0 57.2,41.0 46.9 54.6,45.6 51.6 59.7,47.1 55.0 61.7,50.4 57.9 74.4,55.1 64.0 73.3,59.0 67.2 75.3,
1293,40.0 44.1 49.8,43.9 46.0 52.0,42.4 47.0 57.2,41.0 46.9 54.6,45.6 51.6 59.7,47.1 55.0 61.7,50.4 57.9 74.4,55.1 64.0 73.3,59.0 67.2 75.3,
1297,40.0 44.1 49.8,43.9 46.0 52.0,42.4 47.0 57.2,41.0 46.9 54.6,45.6 51.6 59.7,47.1 55.0 61.7,50.4 57.9 74.4,55.1 64.0 73.3,59.0 67.2 75.3,
1306,,277.3 379.4 508.8,277.3 379.4 508.8,277.3 379.4 508.8,277.3 379.4 508.8,277.3 379.4 508.8,277.3 379.4 508.8,277.3 379.4 508.8,478.4 535.5 712.3,
1314,,277.3 379.4 508.8,277.3 379.4 508.8,277.3 379.4 508.8,277.3 379.4 508.8,277.3 379.4 508.8,277.3 379.4 508.8,277.3 379.4 508.8,478.4 535.5 712.3,
1320,,277.3 379.4 508.8,277.3 379.4 508.8,277.3 379.4 508.8,277.3 379.4 508.8,277.3 379.4 508.8,277.3 379.4 508.8,277.3 379.4 508.8,478.4 535.5 712.3,
1335,34.5 40.5 42.1,35.0 40.6 45.7,33.8 41.0 44.8,30.0 41.1 43.2,36.2 41.8 49.4,35.5 41.8 45.3,35.9 42.3 48.4,45.5 54.2 57.0,53.4 58.5 79.2,
1337,34.5 40.5 42.1,35.0 40.6 45.7,33.8 41.0 44.8,30.0 41.1 43.2,36.2 41.8 49.4,35.5 41.8 45.3,35.9 42.3 48.4,45.5 54.2 57.0,53.4 58.5 79.2,
1338,72.5 79.0 86.3,60.0 65.0 84.5,59.0 78.8 85.9,73.3 79.2 87.4,73.3 79.2 87.4,60.8 81.1 89.3,69.8 82.5 96.0,69.7 80.0 90.4,76.2 86.9 104.2,
1339,,35.8 37.1 38.0,35.8 37.1 38.0,35.8 37.1 38.0,35.8 37.1 38.0,35.8 37.1 38.0,50.8 52.9 54.9,49.3 52.2 57.2,49.8 53.8 61.6,
1341,36.3 40.9 45.2,38.3 41.8 45.2,37.8 42.0 43.3,38.4 40.1 43.4,39.2 41.9 45.5,40.9 44.6 45.9,43.1 47.8 51.9,49.4 53.6 55.4,53.3 61.8 68.2,
1345,38.5 42.9 46.9,39.7 42.8 49.2,38.0 43.0 47.1,42.6 46.4 50.2,45.1 48.0 51.0,45.9 50.0 52.5,48.1 58.0 68.0,54.2 62.5 68.6,60.2 64.9 70.1,
1347,47.8 53.4 56.7,49.9 54.0 60.0,52.6 58.3 61.0,51.8 56.7 62.5,51.7 57.5 63.4,55.7 58.4 61.9,60.0 65.1 75.0,62.3 70.0 80.5,66.6 74.0 78.8,
1348,72.5 79.0 86.3,60.0 65.0 84.5,59.0 78.8 85.9,73.3 79.2 87.4,73.3 79.2 87.4,60.8 81.1 89.3,69.8 82.5 96.0,69.7 80.0 90.4,76.2 86.9 104.2,
1349,40.0 40.9 47.6,46.2 48.2 48.8,45.8 47.9 53.8,42.4 49.2 54.2,44.4 49.2 53.4,44.3 49.1 54.4,44.3 49.1 54.4,44.3 49.1 54.4,56.1 65.5 71.1,
1351,34.5 40.5 42.1,35.0 40.6 45.7,33.8 41.0 44.8,30.0 41.1 43.2,36.2 41.8 49.4,35.5 41.8 45.3,35.9 42.3 48.4,45.5 54.2 57.0,53.4 58.5 79.2,
1352,34.5 40.5 42.1,35.0 40.6 45.7,33.8 41.0 44.8,30.0 41.1 43.2,36.2 41.8 49.4,35.5 41.8 45.3,35.9 42.3 48.4,45.5 54.2 57.0,53.4 58.5 79.2,
1353,72.5 79.0 86.3,60.0 65.0 84.5,59.0 78.8 85.9,73.3 79.2 87.4,73.3 79.2 87.4,60.8 81.1 89.3,69.8 82.5 96.0,69.7 80.0 90.4,76.2 86.9 104.2,
1354,72.5 79.0 86.3,60.0 65.0 84.5,59.0 78.8 85.9,73.3 79.2 87.4,73.3 79.2 87.4,60.8 81.1 89.3,69.8 82.5 96.0,69.7 80.0 90.4,76.2 86.9 104.2,
1355,,35.8 37.1 38.0,35.8 37.1 38.0,35.8 37.1 38.0,35.8 37.1 38.0,35.8 37.1 38.0,50.8 52.9 54.9,49.3 52.2 57.2,49.8 53.8 61.6,
1356,46.2 51.6 67.2,54.8 60.3 73.9,55.3 65.8 72.1,52.2 60.0 69.1,52.0 60.0 68.2,54.4 63.0 70.1,59.0 74.6 116.4,69.7 75.6 85.1,78.6 85.9 93.4,
1359,38.5 42.9 46.9,39.7 42.8 49.2,38.0 43.0 47.1,42.6 46.4 50.2,45.1 48.0 51.0,45.9 50.0 52.5,48.1 58.0 68.0,54.2 62.5 68.6,60.2 64.9 70.1,
1360,38.5 42.9 46.9,39.7 42.8 49.2,38.0 43.0 47.1,42.6 46.4 50.2,45.1 48.0 51.0,45.9 50.0 52.5,48.1 58.0 68.0,54.2 62.5 68.6,60.2 64.9 70.1,
1362,72.5 79.0 86.3,60.0 65.0 84.5,59.0 78.8 85.9,73.3 79.2 87.4,73.3 79.2 87.4,60.8 81.1 89.3,69.8 82.5 96.0,69.7 80.0 90.4,76.2 86.9 104.2,
1363,39.0 49.1 80.0,47.1 50.0 78.1,48.2 52.4 56.8,47.9 51.0 56.3,51.0 55.0 62.0,50.0 55.0 60.1,52.1 56.9 65.9,59.9 70.0 79.9,69.3 75.2 85.9,
1364,47.8 53.4 56.7,49.9 54.0 60.0,52.6 58.3 61.0,51.8 56.7 62.5,51.7 57.5 63.4,55.7 58.4 61.9,60.0 65.1 75.0,62.3 70.0 80.5,66.6 74.0 78.8,
1365,34.5 40.5 42.1,35.0 40.6 45.7,33.8 41.0 44.8,30.0 41.1 43.2,36.2 41.8 49.4,35.5 41.8 45.3,35.9 42.3 48.4,45.5 54.2 57.0,53.4 58.5 79.2,
1366,46.2 51.6 67.2,54.8 60.3 73.9,55.3 65.8 72.1,52.2 60.0 69.1,52.0 60.0 68.2,54.4 63.0 70.1,59.0 74.6 116.4,69.7 75.6 85.1,78.6 85.9 93.4,
1367,47.8 53.4 56.7,49.9 54.0 60.0,52.6 58.3 61.0,51.8 56.7 62.5,51.7 57.5 63.4,55.7 58.4 61.9,60.0 65.1 75.0,62.3 70.0 80.5,66.6 74.0 78.8,
1369,40.0 40.9 47.6,46.2 48.2 48.8,45.8 47.9 53.8,42.4 49.2 54.2,44.4 49.2 53.4,44.3 49.1 54.4,44.3 49.1 54.4,44.3 49.1 54.4,56.1 65.5 71.1,
1370,72.5 79.0 86.3,60.0 65.0 84.5,59.0 78.8 85.9,73.3 79.2 87.4,73.3 79.2 87.4,60.8 81.1 89.3,69.8 82.5 96.0,69.7 80.0 90.4,76.2 86.9 104.2,
1371,72.5 79.0 86.3,60.0 65.0 84.5,59.0 78.8 85.9,73.3 79.2 87.4,73.3 79.2 87.4,60.8 81.1 89.3,69.8 82.5 96.0,69.7 80.0 90.4,76.2 86.9 104.2,
1373,40.0 40.9 47.6,46.2 48.2 48.8,45.8 47.9 53.8,42.4 49.2 54.2,44.4 49.2 53.4,44.3 49.1 54.4,44.3 49.1 54.4,44.3 49.1 54.4,56.1 65.5 71.1,
1375,34.5 40.5 42.1,35.0 40.6 45.7,33.8 41.0 44.8,30.0 41.1 43.2,36.2 41.8 49.4,35.5 41.8 45.3,35.9 42.3 48.4,45.5 54.2 57.0,53.4 58.5 79.2,
1376,72.5 79.0 86.3,60.0 65.0 84.5,59.0 78.8 85.9,73.3 79.2 87.4,73.3 79.2 87.4,60.8 81.1 89.3,69.8 82.5 96.0,69.7 80.0 90.4,76.2 86.9 104.2,
1377,72.5 79.0 86.3,60.0 65.0 84.5,59.0 78.8 85.9,73.3 79.2 87.4,73.3 79.2 87.4,60.8 81.1 89.3,69.8 82.5 96.0,69.7 80.0 90.4,76.2 86.9 104.2,
1380,34.5 40.5 42.1,35.0 40.6 45.7,33.8 41.0 44.8,30.0 41.1 43.2,36.2 41.8 49.4,35.5 41.8 45.3,35.9 42.3 48.4,45.5 54.2 57.0,53.4 58.5 79.2,
1381,34.5 40.5 42.1,35.0 40.6 45.7,33.8 41.0 44.8,30.0 41.1 43.2,36.2 41.8 49.4,35.5 41.8 45.3,35.9 42.3 48.4,45.5 54.2 57.0,53.4 58.5 79.2,
1382,34.5 40.5 42.1,35.0 40.6 45.7,33.8 41.0 44.8,30.0 41.1 43.2,36.2 41.8 49.4,35.5 41.8 45.3,35.9 42.3 48.4,45.5 54.2 57.0,53.4 58.5 79.2,
1383,34.5 40.5 42.1,35.0 40.6 45.7,33.8 41.0 44.8,30.0 41.1 43.2,36.2 41.8 49.4,35.5 41.8 45.3,35.9 42.3 48.4,45.5 54.2 57.0,53.4 58.5 79.2,
1385,47.8 53.4 56.7,49.9 54.0 60.0,52.6 58.3 61.0,51.8 56.7 62.5,51.7 57.5 63.4,55.7 58.4 61.9,60.0 65.1 75.0,62.3 70.0 80.5,66.6 74.0 78.8,
1386,38.5 42.9 46.9,39.7 42.8 49.2,38.0 43.0 47.1,42.6 46.4 50.2,45.1 48.0 51.0,45.9 50.0 52.5,48.1 58.0 68.0,54.2 62.5 68.6,60.2 64.9 70.1,
1390,45.3 51.0 55.4,46.8 48.6 52.2,47.9 51.3 55.1,43.0 49.3 52.7,45.7 50.0 54.5,46.7 51.6 54.8,49.0 55.5 60.5,52.4 59.8 70.4,54.2 56.8 62.7,
1396,34.3 36.9 42.5,35.4 39.4 44.2,37.0 40.2 45.3,35.7 38.8 44.6,37.1 40.0 43.6,38.6 41.5 46.3,41.4 47.0 57.1,48.6 51.9 58.8,51.4 57.1 64.6,
1398,29.4 32.6 37.7,29.4 32.6 37.7,30.0 33.6 37.6,31.6 34.2 36.6,30.4 33.6 37.2,32.8 37.2 47.4,37.1 43.2 45.2,43.7 44.9 45.2,44.8 48.4 51.2,
1399,39.3 43.8 52.6,39.8 46.1 59.9,45.8 52.3 64.9,48.7 51.5 63.1,45.0 54.5 62.2,48.5 55.1 60.6,53.6 59.7 69.4,59.6 67.8 70.8,63.7 67.6 79.2,
1409,34.3 36.9 42.5,35.4 39.4 44.2,37.0 40.2 45.3,35.7 38.8 44.6,37.1 40.0 43.6,38.6 41.5 46.3,41.4 47.0 57.1,48.6 51.9 58.8,51.4 57.1 64.6,
1412,87.1 104.3 111.1,79.2 94.3 108.8,79.2 94.3 108.8,79.2 94.3 108.8,79.2 94.3 108.8,97.2 101.5 126.6,101.2 119.1 136.9,107.9 133.8 249.6,131.2 146.2 250.0,
1427,40.3 44.8 46.0,40.9 44.9 46.7,41.9 44.9 47.5,38.6 47.4 49.5,42.4 45.2 51.2,43.0 48.0 51.0,46.9 52.3 70.4,55.4 58.0 81.4,58.8 74.6 85.5,
1437,87.1 104.3 111.1,79.2 94.3 108.8,79.2 94.3 108.8,79.2 94.3 108.8,79.2 94.3 108.8,97.2 101.5 126.6,101.2 119.1 136.9,107.9 133.8 249.6,131.2 146.2 250.0,
1447,32.0 33.9 35.7,34.1 41.0 42.7,34.1 41.0 42.7,35.6 38.8 60.5,35.6 38.8 60.5,38.4 46.9 94.3,41.7 49.6 70.6,48.6 52.9 64.9,52.2 60.3 80.8,
1454,40.3 44.8 46.0,40.9 44.9 46.7,41.9 44.9 47.5,38.6 47.4 49.5,42.4 45.2 51.2,43.0 48.0 51.0,46.9 52.3 70.4,55.4 58.0 81.4,58.8 74.6 85.5,
1463,41.2 45.3 59.1,40.1 45.3 56.1,42.5 50.0 55.5,42.8 50.2 59.3,49.1 52.8 58.4,48.1 53.6 59.8,52.5 58.7 63.2,57.0 64.0 74.5,60.4 69.9 71.3,
1465,39.3 43.8 52.6,39.8 46.1 59.9,45.8 52.3 64.9,48.7 51.5 63.1,45.0 54.5 62.2,48.5 55.1 60.6,53.6 59.7 69.4,59.6 67.8 70.8,63.7 67.6 79.2,
1477,40.3 44.8 46.0,40.9 44.9 46.7,41.9 44.9 47.5,38.6 47.4 49.5,42.4 45.2 51.2,43.0 48.0 51.0,46.9 52.3 70.4,55.4 58.0 81.4,58.8 74.6 85.5,
1495,41.2 45.3 59.1,40.1 45.3 56.1,42.5 50.0 55.5,42.8 50.2 59.3,49.1 52.8 58.4,48.1 53.6 59.8,52.5 58.7 63.2,57.0 64.0 74.5,60.4 69.9 71.3,
1497,39.3 43.8 52.6,39.8 46.1 59.9,45.8 52.3 64.9,48.7 51.5 63.1,45.0 54.5 62.2,48.5 55.1 60.6,53.6 59.7 69.4,59.6 67.8 70.8,63.7 67.6 79.2,
1498,34.3 36.9 42.5,35.4 39.4 44.2,37.0 40.2 45.3,35.7 38.8 44.6,37.1 40.0 43.6,38.6 41.5 46.3,41.4 47.0 57.1,48.6 51.9 58.8,51.4 57.1 64.6,
1526,87.1 104.3 111.1,79.2 94.3 108.8,79.2 94.3 108.8,79.2 94.3 108.8,79.2 94.3 108.8,97.2 101.5 126.6,101.2 119.1 136.9,107.9 133.8 249.6,131.2 146.2 250.0,
1527,32.0 33.9 35.7,34.1 41.0 42.7,34.1 41.0 42.7,35.6 38.8 60.5,35.6 38.8 60.5,38.4 46.9 94.3,41.7 49.6 70.6,48.6 52.9 64.9,52.2 60.3 80.8,
1529,93.0 107.1 117.6,94.7 106.4 109.2,94.7 106.4 109.2,94.7 106.4 109.2,105.1 111.8 117.8,100.0 110.9 123.0,102.5 123.1 151.3,102.5 123.1 151.3,141.9 152.1 173.7,
1533,29.4 32.6 37.7,29.4 32.6 37.7,30.0 33.6 37.6,31.6 34.2 36.6,30.4 33.6 37.2,32.8 37.2 47.4,37.1 43.2 45.2,43.7 44.9 45.2,44.8 48.4 51.2,
1566,28.0 31.4 33.8,29.1 33.8 41.6,30.0 32.6 36.1,31.5 34.4 37.2,30.7 35.2 40.2,29.8 36.3 39.4,33.6 35.9 41.9,38.0 43.4 48.2,43.1 46.4 51.0,
1567,37.5 41.6 44.8,37.1 42.3 46.4,38.2 41.7 49.0,40.6 44.8 47.6,41.1 44.9 46.5,42.3 48.0 51.6,47.4 50.0 54.8,53.6 57.7 61.9,59.1 64.9 70.5,
1571,,30.0 34.9 41.4,30.0 34.9 41.4,30.0 34.9 41.4,29.5 33.5 35.5,29.3 33.1 38.7,34.3 43.2 44.1,38.7 43.7 50.2,40.3 47.9 54.8,
1572,23.9 28.5 36.3,29.3 32.3 39.1,28.3 33.4 38.8,26.9 29.5 42.3,28.4 35.8 38.8,33.6 37.2 41.5,36.7 42.7 50.0,39.9 45.9 52.9,45.6 50.9 57.2,
1586,23.9 28.5 36.3,29.3 32.3 39.1,28.3 33.4 38.8,26.9 29.5 42.3,28.4 35.8 38.8,33.6 37.2 41.5,36.7 42.7 50.0,39.9 45.9 52.9,45.6 50.9 57.2,
1598,23.6 27.3 28.9,23.6 27.3 28.9,24.7 29.2 30.8,24.7 29.2 30.8,24.7 29.2 30.8,26.7 30.6 32.1,29.8 32.1 34.5,32.5 36.8 39.9,36.9 41.8 46.1,
1608,28.0 31.4 33.8,29.1 33.8 41.6,30.0 32.6 36.1,31.5 34.4 37.2,30.7 35.2 40.2,29.8 36.3 39.4,33.6 35.9 41.9,38.0 43.4 48.2,43.1 46.4 51.0,
1614,28.0 31.4 33.8,29.1 33.8 41.6,30.0 32.6 36.1,31.5 34.4 37.2,30.7 35.2 40.2,29.8 36.3 39.4,33.6 35.9 41.9,38.0 43.4 48.2,43.1 46.4 51.0,
1615,31.6 34.0 38.0,32.0 33.7 35.0,32.0 33.0 34.9,30.7 32.5 33.3,31.0 32.0 33.5,30.0 32.0 34.3,36.1 44.2 54.9,39.7 43.1 47.9,39.3 45.5 51.3,
1619,37.5 41.6 44.8,37.1 42.3 46.4,38.2 41.7 49.0,40.6 44.8 47.6,41.1 44.9 46.5,42.3 48.0 51.6,47.4 50.0 54.8,53.6 57.7 61.9,59.1 64.9 70.5,
1627,24.4 27.8 33.2,27.2 29.2 31.2,27.2 29.2 32.6,28.2 29.5 35.3,28.1 31.6 33.5,28.9 33.1 37.8,31.9 37.3 42.2,39.7 46.7 51.8,44.8 49.4 52.0,
1631,30.8 33.0 39.5,32.2 34.4 37.4,33.8 35.8 38.3,33.1 38.4 43.5,34.7 38.9 43.4,35.4 39.2 40.8,39.2 41.7 49.2,45.1 48.4 50.8,47.2 55.2 60.5,
1634,24.4 27.8 33.2,27.2 29.2 31.2,27.2 29.2 32.6,28.2 29.5 35.3,28.1 31.6 33.5,28.9 33.1 37.8,31.9 37.3 42.2,39.7 46.7 51.8,44.8 49.4 52.0,
1635,27.1 28.5 36.0,27.7 28.4 32.1,27.7 28.4 32.1,28.6 32.2 35.0,29.9 34.3 38.5,29.3 33.0 39.9,32.8 39.7 45.4,38.8 42.8 47.8,42.4 48.1 53.6,
1640,28.0 31.4 33.8,29.1 33.8 41.6,30.0 32.6 36.1,31.5 34.4 37.2,30.7 35.2 40.2,29.8 36.3 39.4,33.6 35.9 41.9,38.0 43.4 48.2,43.1 46.4 51.0,
1642,23.9 28.5 36.3,29.3 32.3 39.1,28.3 33.4 38.8,26.9 29.5 42.3,28.4 35.8 38.8,33.6 37.2 41.5,36.7 42.7 50.0,39.9 45.9 52.9,45.6 50.9 57.2,
1646,36.8 40.0 44.2,37.9 40.3 45.8,34.9 38.2 43.0,36.8 39.6 44.3,37.0 40.0 44.3,37.5 41.4 45.5,38.7 47.1 55.0,47.6 52.4 62.0,55.7 65.3 70.8,
1648,34.0 37.3 39.5,34.4 38.1 39.9,32.7 38.1 42.7,35.8 38.2 40.0,34.5 39.5 42.7,37.5 41.1 44.2,39.1 49.1 55.2,47.0 49.7 55.7,50.2 57.5 61.9,
1649,25.6 29.0 31.4,25.9 29.4 29.7,25.9 29.4 29.7,28.0 30.7 34.4,29.0 29.6 30.7,27.2 36.2 37.8,33.0 39.1 41.1,38.0 42.3 46.7,43.5 48.3 52.3,
1655,24.4 27.8 33.2,27.2 29.2 31.2,27.2 29.2 32.6,28.2 29.5 35.3,28.1 31.6 33.5,28.9 33.1 37.8,31.9 37.3 42.2,39.7 46.7 51.8,44.8 49.4 52.0,
1657,30.8 33.0 39.5,32.2 34.4 37.4,33.8 35.8 38.3,33.1 38.4 43.5,34.7 38.9 43.4,35.4 39.2 40.8,39.2 41.7 49.2,45.1 48.4 50.8,47.2 55.2 60.5,
1658,37.5 41.6 44.8,37.1 42.3 46.4,38.2 41.7 49.0,40.6 44.8 47.6,41.1 44.9 46.5,42.3 48.0 51.6,47.4 50.0 54.8,53.6 57.7 61.9,59.1 64.9 70.5,
1661,23.9 28.5 36.3,29.3 32.3 39.1,28.3 33.4 38.8,26.9 29.5 42.3,28.4 35.8 38.8,33.6 37.2 41.5,36.7 42.7 50.0,39.9 45.9 52.9,45.6 50.9 57.2,
1663,44.1 48.2 60.6,45.2 50.5 59.8,45.2 50.5 59.8,47.0 51.7 55.0,50.0 54.0 55.8,54.5 61.3 65.0,57.4 61.1 74.1,62.8 69.1 90.5,64.7 75.0 102.1,
1666,31.6 34.0 38.0,32.0 33.7 35.0,32.0 33.0 34.9,30.7 32.5 33.3,31.0 32.0 33.5,30.0 32.0 34.3,36.1 44.2 54.9,39.7 43.1 47.9,39.3 45.5 51.3,
1670,31.6 34.0 38.0,32.0 33.7 35.0,32.0 33.0 34.9,30.7 32.5 33.3,31.0 32.0 33.5,30.0 32.0 34.3,36.1 44.2 54.9,39.7 43.1 47.9,39.3 45.5 51.3,
1672,28.0 31.4 33.8,29.1 33.8 41.6,30.0 32.6 36.1,31.5 34.4 37.2,30.7 35.2 40.2,29.8 36.3 39.4,33.6 35.9 41.9,38.0 43.4 48.2,43.1 46.4 51.0,
1675,31.7 38.5 39.8,37.1 38.9 42.4,37.2 40.2 43.3,37.8 39.2 48.1,39.2 41.0 43.3,38.6 40.9 44.7,45.0 48.8 51.7,49.4 53.5 57.1,52.5 57.7 68.2,
1684,27.1 28.5 36.0,27.7 28.4 32.1,27.7 28.4 32.1,28.6 32.2 35.0,29.9 34.3 38.5,29.3 33.0 39.9,32.8 39.7 45.4,38.8 42.8 47.8,42.4 48.1 53.6,
1685,27.9 30.9 32.8,30.3 32.6 35.3,30.3 32.6 35.3,30.4 32.8 37.9,31.4 34.9 36.1,31.4 35.5 43.1,37.3 42.0 49.1,44.8 48.8 51.6,45.0 48.1 58.9,
1695,30.6 32.1 33.9,31.0 34.0 35.4,31.0 32.9 34.0,30.4 32.9 34.6,28.1 35.7 36.2,33.6 36.4 39.4,37.6 39.0 44.7,41.7 44.0 48.3,40.0 51.9 56.3,
1707,24.4 27.8 33.2,27.2 29.2 31.2,27.2 29.2 32.6,28.2 29.5 35.3,28.1 31.6 33.5,28.9 33.1 37.8,31.9 37.3 42.2,39.7 46.7 51.8,44.8 49.4 52.0,
1708,23.9 28.5 36.3,29.3 32.3 39.1,28.3 33.4 38.8,26.9 29.5 42.3,28.4 35.8 38.8,33.6 37.2 41.5,36.7 42.7 50.0,39.9 45.9 52.9,45.6 50.9 57.2,
1715,28.0 31.4 33.8,29.1 33.8 41.6,30.0 32.6 36.1,31.5 34.4 37.2,30.7 35.2 40.2,29.8 36.3 39.4,33.6 35.9 41.9,38.0 43.4 48.2,43.1 46.4 51.0,
1716,27.9 30.9 32.8,30.3 32.6 35.3,30.3 32.6 35.3,30.4 32.8 37.9,31.4 34.9 36.1,31.4 35.5 43.1,37.3 42.0 49.1,44.8 48.8 51.6,45.0 48.1 58.9,
1723,30.0 31.3 32.0,29.0 31.0 32.3,29.0 31.0 32.3,29.0 31.0 32.3,31.2 32.4 32.6,30.9 32.4 36.6,36.9 40.4 44.4,37.7 39.6 42.3,38.8 43.3 51.4,
1724,24.4 27.8 33.2,27.2 29.2 31.2,27.2 29.2 32.6,28.2 29.5 35.3,28.1 31.6 33.5,28.9 33.1 37.8,31.9 37.3 42.2,39.7 46.7 51.8,44.8 49.4 52.0,
1728,20.4 21.6 24.1,21.3 22.5 23.8,22.0 23.9 24.6,21.5 22.6 24.7,22.1 23.4 24.7,24.0 26.2 27.6,25.4 28.2 34.0,28.8 33.3 35.4,32.9 34.9 37.4,
1729,23.9 28.5 36.3,29.3 32.3 39.1,28.3 33.4 38.8,26.9 29.5 42.3,28.4 35.8 38.8,33.6 37.2 41.5,36.7 42.7 50.0,39.9 45.9 52.9,45.6 50.9 57.2,
1732,37.5 41.6 44.8,37.1 42.3 46.4,38.2 41.7 49.0,40.6 44.8 47.6,41.1 44.9 46.5,42.3 48.0 51.6,47.4 50.0 54.8,53.6 57.7 61.9,59.1 64.9 70.5,
1733,31.9 35.8 40.1,34.2 37.5 40.1,34.3 36.7 39.4,33.5 37.5 41.8,35.3 37.2 41.7,36.7 41.1 43.7,41.3 45.8 49.1,44.2 46.9 50.5,46.1 52.5 60.2,
1735,39.3 44.5 50.0,39.9 44.3 53.3,43.2 47.8 51.1,44.2 48.0 54.8,44.1 48.4 58.1,43.4 52.1 54.9,48.4 57.2 64.6,53.2 62.6 69.0,59.1 64.2 71.7,
1737,31.9 35.8 40.1,34.2 37.5 40.1,34.3 36.7 39.4,33.5 37.5 41.8,35.3 37.2 41.7,36.7 41.1 43.7,41.3 45.8 49.1,44.2 46.9 50.5,46.1 52.5 60.2,
1741,27.1 28.5 36.0,27.7 28.4 32.1,27.7 28.4 32.1,28.6 32.2 35.0,29.9 34.3 38.5,29.3 33.0 39.9,32.8 39.7 45.4,38.8 42.8 47.8,42.4 48.1 53.6,
1743,39.3 44.5 50.0,39.9 44.3 53.3,43.2 47.8 51.1,44.2 48.0 54.8,44.1 48.4 58.1,43.4 52.1 54.9,48.4 57.2 64.6,53.2 62.6 69.0,59.1 64.2 71.7,
1750,37.5 41.6 44.8,37.1 42.3 46.4,38.2 41.7 49.0,40.6 44.8 47.6,41.1 44.9 46.5,42.3 48.0 51.6,47.4 50.0 54.8,53.6 57.7 61.9,59.1 64.9 70.5,
1758,31.7 38.5 39.8,37.1 38.9 42.4,37.2 40.2 43.3,37.8 39.2 48.1,39.2 41.0 43.3,38.6 40.9 44.7,45.0 48.8 51.7,49.4 53.5 57.1,52.5 57.7 68.2,
1759,28.0 31.4 33.8,29.1 33.8 41.6,30.0 32.6 36.1,31.5 34.4 37.2,30.7 35.2 40.2,29.8 36.3 39.4,33.6 35.9 41.9,38.0 43.4 48.2,43.1 46.4 51.0,
1760,31.9 35.8 40.1,34.2 37.5 40.1,34.3 36.7 39.4,33.5 37.5 41.8,35.3 37.2 41.7,36.7 41.1 43.7,41.3 45.8 49.1,44.2 46.9 50.5,46.1 52.5 60.2,
1763,30.0 31.3 32.0,29.0 31.0 32.3,29.0 31.0 32.3,29.0 31.0 32.3,31.2 32.4 32.6,30.9 32.4 36.6,36.9 40.4 44.4,37.7 39.6 42.3,38.8 43.3 51.4,
1765,25.6 29.0 31.4,25.9 29.4 29.7,25.9 29.4 29.7,28.0 30.7 34.4,29.0 29.6 30.7,27.2 36.2 37.8,33.0 39.1 41.1,38.0 42.3 46.7,43.5 48.3 52.3,
1769,36.8 40.0 44.2,37.9 40.3 45.8,34.9 38.2 43.0,36.8 39.6 44.3,37.0 40.0 44.3,37.5 41.4 45.5,38.7 47.1 55.0,47.6 52.4 62.0,55.7 65.3 70.8,
1773,36.1 40.3 44.0,36.7 40.9 44.1,38.8 41.9 45.4,29.0 34.7 43.8,29.0 42.6 47.7,32.3 47.7 52.4,51.7 54.8 58.1,57.0 59.7 63.2,43.5 63.0 70.9,
1781,28.0 31.4 33.8,29.1 33.8 41.6,30.0 32.6 36.1,31.5 34.4 37.2,30.7 35.2 40.2,29.8 36.3 39.4,33.6 35.9 41.9,38.0 43.4 48.2,43.1 46.4 51.0,
1782,,29.3 32.5 34.3,31.3 34.5 36.4,31.9 33.5 36.1,30.0 32.7 36.5,31.8 35.7 37.6,35.1 37.4 43.3,43.6 46.4 50.9,45.5 51.5 55.2,
1796,23.9 28.5 36.3,29.3 32.3 39.1,28.3 33.4 38.8,26.9 29.5 42.3,28.4 35.8 38.8,33.6 37.2 41.5,36.7 42.7 50.0,39.9 45.9 52.9,45.6 50.9 57.2,
1799,31.9 35.8 40.1,34.2 37.5 40.1,34.3 36.7 39.4,33.5 37.5 41.8,35.3 37.2 41.7,36.7 41.1 43.7,41.3 45.8 49.1,44.2 46.9 50.5,46.1 52.5 60.2,
1804,31.6 34.0 38.0,32.0 33.7 35.0,32.0 33.0 34.9,30.7 32.5 33.3,31.0 32.0 33.5,30.0 32.0 34.3,36.1 44.2 54.9,39.7 43.1 47.9,39.3 45.5 51.3,
1808,28.0 31.4 33.8,29.1 33.8 41.6,30.0 32.6 36.1,31.5 34.4 37.2,30.7 35.2 40.2,29.8 36.3 39.4,33.6 35.9 41.9,38.0 43.4 48.2,43.1 46.4 51.0,
1809,27.9 30.9 32.8,30.3 32.6 35.3,30.3 32.6 35.3,30.4 32.8 37.9,31.4 34.9 36.1,31.4 35.5 43.1,37.3 42.0 49.1,44.8 48.8 51.6,45.0 48.1 58.9,
1810,,29.3 32.5 34.3,31.3 34.5 36.4,31.9 33.5 36.1,30.0 32.7 36.5,31.8 35.7 37.6,35.1 37.4 43.3,43.6 46.4 50.9,45.5 51.5 55.2,
1822,24.4 27.8 33.2,27.2 29.2 31.2,27.2 29.2 32.6,28.2 29.5 35.3,28.1 31.6 33.5,28.9 33.1 37.8,31.9 37.3 42.2,39.7 46.7 51.8,44.8 49.4 52.0,
1824,30.8 33.0 39.5,32.2 34.4 37.4,33.8 35.8 38.3,33.1 38.4 43.5,34.7 38.9 43.4,35.4 39.2 40.8,39.2 41.7 49.2,45.1 48.4 50.8,47.2 55.2 60.5,
1825,31.9 35.8 40.1,34.2 37.5 40.1,34.3 36.7 39.4,33.5 37.5 41.8,35.3 37.2 41.7,36.7 41.1 43.7,41.3 45.8 49.1,44.2 46.9 50.5,46.1 52.5 60.2,
1830,28.0 31.4 33.8,29.1 33.8 41.6,30.0 32.6 36.1,31.5 34.4 37.2,30.7 35.2 40.2,29.8 36.3 39.4,33.6 35.9 41.9,38.0 43.4 48.2,43.1 46.4 51.0,
1832,,30.0 34.9 41.4,30.0 34.9 41.4,30.0 34.9 41.4,29.5 33.5 35.5,29.3 33.1 38.7,34.3 43.2 44.1,38.7 43.7 50.2,40.3 47.9 54.8,
1842,24.4 27.8 33.2,27.2 29.2 31.2,27.2 29.2 32.6,28.2 29.5 35.3,28.1 31.6 33.5,28.9 33.1 37.8,31.9 37.3 42.2,39.7 46.7 51.8,44.8 49.4 52.0,
1849,23.6 27.3 28.9,23.6 27.3 28.9,24.7 29.2 30.8,24.7 29.2 30.8,24.7 29.2 30.8,26.7 30.6 32.1,29.8 32.1 34.5,32.5 36.8 39.9,36.9 41.8 46.1,
1854,,29.3 32.5 34.3,31.3 34.5 36.4,31.9 33.5 36.1,30.0 32.7 36.5,31.8 35.7 37.6,35.1 37.4 43.3,43.6 46.4 50.9,45.5 51.5 55.2,
1858,27.9 30.9 32.8,30.3 32.6 35.3,30.3 32.6 35.3,30.4 32.8 37.9,31.4 34.9 36.1,31.4 35.5 43.1,37.3 42.0 49.1,44.8 48.8 51.6,45.0 48.1 58.9,
1861,28.0 31.4 33.8,29.1 33.8 41.6,30.0 32.6 36.1,31.5 34.4 37.2,30.7 35.2 40.2,29.8 36.3 39.4,33.6 35.9 41.9,38.0 43.4 48.2,43.1 46.4 51.0,
1869,39.3 44.5 50.0,39.9 44.3 53.3,43.2 47.8 51.1,44.2 48.0 54.8,44.1 48.4 58.1,43.4 52.1 54.9,48.4 57.2 64.6,53.2 62.6 69.0,59.1 64.2 71.7,
1876,27.8 38.8 43.1,27.9 33.3 41.9,24.1 28.2 33.9,24.6 31.8 35.0,27.9 33.8 35.3,30.9 33.5 40.4,32.0 39.6 43.4,37.5 41.8 47.9,41.0 47.6 53.5,
1882,27.8 38.8 43.1,27.9 33.3 41.9,24.1 28.2 33.9,24.6 31.8 35.0,27.9 33.8 35.3,30.9 33.5 40.4,32.0 39.6 43.4,37.5 41.8 47.9,41.0 47.6 53.5,
1898,27.8 38.8 43.1,27.9 33.3 41.9,24.1 28.2 33.9,24.6 31.8 35.0,27.9 33.8 35.3,30.9 33.5 40.4,32.0 39.6 43.4,37.5 41.8 47.9,41.0 47.6 53.5,
1903,,30.0 34.9 41.4,30.0 34.9 41.4,30.0 34.9 41.4,29.5 33.5 35.5,29.3 33.1 38.7,34.3 43.2 44.1,38.7 43.7 50.2,40.3 47.9 54.8,
1906,,30.0 34.9 41.4,30.0 34.9 41.4,30.0 34.9 41.4,29.5 33.5 35.5,29.3 33.1 38.7,34.3 43.2 44.1,38.7 43.7 50.2,40.3 47.9 54.8,
1913,,30.0 34.9 41.4,30.0 34.9 41.4,30.0 34.9 41.4,29.5 33.5 35.5,29.3 33.1 38.7,34.3 43.2 44.1,38.7 43.7 50.2,40.3 47.9 54.8,
1919,27.1 28.5 36.0,27.7 28.4 32.1,27.7 28.4 32.1,28.6 32.2 35.0,29.9 34.3 38.5,29.3 33.0 39.9,32.8 39.7 45.4,38.8 42.8 47.8,42.4 48.1 53.6,
1929,,30.0 34.9 41.4,30.0 34.9 41.4,30.0 34.9 41.4,29.5 33.5 35.5,29.3 33.1 38.7,34.3 43.2 44.1,38.7 43.7 50.2,40.3 47.9 54.8,
1932,,30.0 34.9 41.4,30.0 34.9 41.4,30.0 34.9 41.4,29.5 33.5 35.5,29.3 33.1 38.7,34.3 43.2 44.1,38.7 43.7 50.2,40.3 47.9 54.8,
1935,,30.0 34.9 41.4,30.0 34.9 41.4,30.0 34.9 41.4,29.5 33.5 35.5,29.3 33.1 38.7,34.3 43.2 44.1,38.7 43.7 50.2,40.3 47.9 54.8,
1937,27.8 38.8 43.1,27.9 33.3 41.9,24.1 28.2 33.9,24.6 31.8 35.0,27.9 33.8 35.3,30.9 33.5 40.4,32.0 39.6 43.4,37.5 41.8 47.9,41.0 47.6 53.5,
1946,170.0 234.5 254.4,196.7 239.6 293.5,148.9 191.9 243.8,170.6 229.9 251.6,178.0 236.2 249.8,180.0 232.3 251.1,180.0 233.3 243.3,182.6 244.5 280.0,193.0 276.5 298.8,
1952,27.8 38.8 43.1,27.9 33.3 41.9,24.1 28.2 33.9,24.6 31.8 35.0,27.9 33.8 35.3,30.9 33.5 40.4,32.0 39.6 43.4,37.5 41.8 47.9,41.0 47.6 53.5,
1955,27.8 38.8 43.1,27.9 33.3 41.9,24.1 28.2 33.9,24.6 31.8 35.0,27.9 33.8 35.3,30.9 33.5 40.4,32.0 39.6 43.4,37.5 41.8 47.9,41.0 47.6 53.5,
1967,27.8 38.8 43.1,27.9 33.3 41.9,24.1 28.2 33.9,24.6 31.8 35.0,27.9 33.8 35.3,30.9 33.5 40.4,32.0 39.6 43.4,37.5 41.8 47.9,41.0 47.6 53.5,
1969,,30.0 34.9 41.4,30.0 34.9 41.4,30.0 34.9 41.4,29.5 33.5 35.5,29.3 33.1 38.7,34.3 43.2 44.1,38.7 43.7 50.2,40.3 47.9 54.8,
1973,27.8 38.8 43.1,27.9 33.3 41.9,24.1 28.2 33.9,24.6 31.8 35.0,27.9 33.8 35.3,30.9 33.5 40.4,32.0 39.6 43.4,37.5 41.8 47.9,41.0 47.6 53.5,
1978,27.8 38.8 43.1,27.9 33.3 41.9,24.1 28.2 33.9,24.6 31.8 35.0,27.9 33.8 35.3,30.9 33.5 40.4,32.0 39.6 43.4,37.5 41.8 47.9,41.0 47.6 53.5,
1982,27.8 38.8 43.1,27.9 33.3 41.9,24.1 28.2 33.9,24.6 31.8 35.0,27.9 33.8 35.3,30.9 33.5 40.4,32.0 39.6 43.4,37.5 41.8 47.9,41.0 47.6 53.5,
1987,27.8 38.8 43.1,27.9 33.3 41.9,24.1 28.2 33.9,24.6 31.8 35.0,27.9 33.8 35.3,30.9 33.5 40.4,32.0 39.6 43.4,37.5 41.8 47.9,41.0 47.6 53.5,
1988,27.9 30.9 32.8,30.3 32.6 35.3,30.3 32.6 35.3,30.4 32.8 37.9,31.4 34.9 36.1,31.4 35.5 43.1,37.3 42.0 49.1,44.8 48.8 51.6,45.0 48.1 58.9,
1990,27.8 38.8 43.1,27.9 33.3 41.9,24.1 28.2 33.9,24.6 31.8 35.0,27.9 33.8 35.3,30.9 33.5 40.4,32.0 39.6 43.4,37.5 41.8 47.9,41.0 47.6 53.5,
2012,23.7 26.8 29.7,24.9 29.0 33.2,24.9 29.0 33.2,26.4 28.7 30.0,25.6 28.3 31.7,26.0 30.5 33.1,27.8 31.9 35.0,33.9 35.9 37.6,34.4 39.1 51.1,
2013,22.8 27.7 31.0,24.6 29.0 30.9,24.6 29.2 31.7,24.1 29.3 32.2,24.5 31.2 33.8,23.6 31.9 38.1,30.9 39.2 42.5,32.0 40.1 42.2,36.1 44.6 49.5,
2015,22.8 27.7 31.0,24.6 29.0 30.9,24.6 29.2 31.7,24.1 29.3 32.2,24.5 31.2 33.8,23.6 31.9 38.1,30.9 39.2 42.5,32.0 40.1 42.2,36.1 44.6 49.5,
2016,22.8 27.7 31.0,24.6 29.0 30.9,24.6 29.2 31.7,24.1 29.3 32.2,24.5 31.2 33.8,23.6 31.9 38.1,30.9 39.2 42.5,32.0 40.1 42.2,36.1 44.6 49.5,
2018,,21.0 21.0 24.0,20.1 20.8 22.2,18.8 21.5 23.7,18.5 20.0 22.4,22.9 25.0 25.9,19.5 26.6 32.6,30.8 32.9 35.2,30.7 34.8 37.7,
2020,30.7 38.4 45.3,34.0 36.7 45.0,36.5 40.4 46.4,37.8 41.2 50.1,35.4 40.5 48.0,36.4 42.1 50.2,36.6 42.6 52.1,39.9 49.2 56.4,47.1 53.3 62.3,
2032,21.7 23.8 28.2,23.3 25.7 28.3,22.8 26.0 27.4,24.8 26.8 28.8,25.5 26.6 39.3,26.0 28.6 29.4,34.6 35.3 37.1,37.3 38.7 42.2,37.8 40.2 42.3,
2035,21.7 23.8 28.2,23.3 25.7 28.3,22.8 26.0 27.4,24.8 26.8 28.8,25.5 26.6 39.3,26.0 28.6 29.4,34.6 35.3 37.1,37.3 38.7 42.2,37.8 40.2 42.3,
2037,24.7 27.5 29.5,25.2 28.1 29.5,25.2 27.2 29.4,23.8 28.2 30.8,26.4 28.8 32.8,26.2 28.5 31.5,30.8 35.6 44.9,38.3 41.0 43.8,37.3 40.2 44.0,
2039,,21.0 21.0 24.0,20.1 20.8 22.2,18.8 21.5 23.7,18.5 20.0 22.4,22.9 25.0 25.9,19.5 26.6 32.6,30.8 32.9 35.2,30.7 34.8 37.7,
2050,22.8 27.7 31.0,24.6 29.0 30.9,24.6 29.2 31.7,24.1 29.3 32.2,24.5 31.2 33.8,23.6 31.9 38.1,30.9 39.2 42.5,32.0 40.1 42.2,36.1 44.6 49.5,
2057,22.8 27.7 31.0,24.6 29.0 30.9,24.6 29.2 31.7,24.1 29.3 32.2,24.5 31.2 33.8,23.6 31.9 38.1,30.9 39.2 42.5,32.0 40.1 42.2,36.1 44.6 49.5,
2058,26.5 28.6 33.5,29.3 33.3 35.6,26.9 32.8 35.4,28.6 33.6 36.7,27.9 32.9 36.4,31.0 35.2 38.6,35.5 40.0 47.5,42.2 44.5 48.1,46.5 50.0 54.7,
2067,,21.0 21.0 24.0,20.1 20.8 22.2,18.8 21.5 23.7,18.5 20.0 22.4,22.9 25.0 25.9,19.5 26.6 32.6,30.8 32.9 35.2,30.7 34.8 37.7,
2070,,21.0 21.0 24.0,20.1 20.8 22.2,18.8 21.5 23.7,18.5 20.0 22.4,22.9 25.0 25.9,19.5 26.6 32.6,30.8 32.9 35.2,30.7 34.8 37.7,
2074,23.7 26.8 29.7,24.9 29.0 33.2,24.9 29.0 33.2,26.4 28.7 30.0,25.6 28.3 31.7,26.0 30.5 33.1,27.8 31.9 35.0,33.9 35.9 37.6,34.4 39.1 51.1,
2075,26.5 28.6 33.5,29.3 33.3 35.6,26.9 32.8 35.4,28.6 33.6 36.7,27.9 32.9 36.4,31.0 35.2 38.6,35.5 40.0 47.5,42.2 44.5 48.1,46.5 50.0 54.7,
2078,30.7 38.4 45.3,34.0 36.7 45.0,36.5 40.4 46.4,37.8 41.2 50.1,35.4 40.5 48.0,36.4 42.1 50.2,36.6 42.6 52.1,39.9 49.2 56.4,47.1 53.3 62.3,
2090,30.7 38.4 45.3,34.0 36.7 45.0,36.5 40.4 46.4,37.8 41.2 50.1,35.4 40.5 48.0,36.4 42.1 50.2,36.6 42.6 52.1,39.9 49.2 56.4,47.1 53.3 62.3,
2092,30.7 38.4 45.3,34.0 36.7 45.0,36.5 40.4 46.4,37.8 41.2 50.1,35.4 40.5 48.0,36.4 42.1 50.2,36.6 42.6 52.1,39.9 49.2 56.4,47.1 53.3 62.3,
2093,23.7 26.8 29.7,24.9 29.0 33.2,24.9 29.0 33.2,26.4 28.7 30.0,25.6 28.3 31.7,26.0 30.5 33.1,27.8 31.9 35.0,33.9 35.9 37.6,34.4 39.1 51.1,
2104,22.8 27.7 31.0,24.6 29.0 30.9,24.6 29.2 31.7,24.1 29.3 32.2,24.5 31.2 33.8,23.6 31.9 38.1,30.9 39.2 42.5,32.0 40.1 42.2,36.1 44.6 49.5,
2109,23.7 26.8 29.7,24.9 29.0 33.2,24.9 29.0 33.2,26.4 28.7 30.0,25.6 28.3 31.7,26.0 30.5 33.1,27.8 31.9 35.0,33.9 35.9 37.6,34.4 39.1 51.1,
2111,,21.0 21.0 24.0,20.1 20.8 22.2,18.8 21.5 23.7,18.5 20.0 22.4,22.9 25.0 25.9,19.5 26.6 32.6,30.8 32.9 35.2,30.7 34.8 37.7,
2114,23.7 26.8 29.7,24.9 29.0 33.2,24.9 29.0 33.2,26.4 28.7 30.0,25.6 28.3 31.7,26.0 30.5 33.1,27.8 31.9 35.0,33.9 35.9 37.6,34.4 39.1 51.1,
2119,,21.0 21.0 24.0,20.1 20.8 22.2,18.8 21.5 23.7,18.5 20.0 22.4,22.9 25.0 25.9,19.5 26.6 32.6,30.8 32.9 35.2,30.7 34.8 37.7,
2120,,21.0 21.0 24.0,20.1 20.8 22.2,18.8 21.5 23.7,18.5 20.0 22.4,22.9 25.0 25.9,19.5 26.6 32.6,30.8 32.9 35.2,30.7 34.8 37.7,
2123,,21.0 21.0 24.0,20.1 20.8 22.2,18.8 21.5 23.7,18.5 20.0 22.4,22.9 25.0 25.9,19.5 26.6 32.6,30.8 32.9 35.2,30.7 34.8 37.7,
2125,,21.0 21.0 24.0,20.1 20.8 22.2,18.8 21.5 23.7,18.5 20.0 22.4,22.9 25.0 25.9,19.5 26.6 32.6,30.8 32.9 35.2,30.7 34.8 37.7,
2128,,21.0 21.0 24.0,20.1 20.8 22.2,18.8 21.5 23.7,18.5 20.0 22.4,22.9 25.0 25.9,19.5 26.6 32.6,30.8 32.9 35.2,30.7 34.8 37.7,
2136,25.8 29.9 32.0,22.3 30.8 34.5,21.8 25.8 35.9,25.0 34.6 36.6,34.0 35.4 38.0,34.6 38.5 43.4,36.6 40.0 46.6,41.1 48.1 51.1,41.9 46.7 53.0,
2137,25.8 29.9 32.0,22.3 30.8 34.5,21.8 25.8 35.9,25.0 34.6 36.6,34.0 35.4 38.0,34.6 38.5 43.4,36.6 40.0 46.6,41.1 48.1 51.1,41.9 46.7 53.0,
2156,,32.0 33.6 35.5,32.0 33.6 35.5,36.5 39.0 43.6,36.5 39.0 43.6,40.0 43.7 45.1,40.0 43.7 45.1,40.0 43.7 45.1,56.8 59.7 61.8,
2165,34.9 36.7 41.5,35.1 39.3 44.8,33.6 39.7 45.0,34.5 39.7 44.2,37.6 42.0 45.9,38.0 41.2 44.8,41.2 52.9 60.0,56.9 62.4 70.0,56.5 66.7 73.4,
2166,43.0 45.6 48.8,39.4 48.5 50.8,40.2 44.3 49.6,45.0 47.1 49.5,42.3 50.6 56.9,45.6 50.0 53.0,47.0 56.4 65.0,56.2 65.0 77.8,64.6 73.2 79.5,
2183,,32.4 34.4 38.9,31.1 33.3 39.0,31.1 33.3 39.0,31.1 33.3 39.0,31.1 33.3 39.0,31.1 33.3 39.0,46.8 49.5 54.0,48.6 53.8 58.8,
2189,33.6 41.6 52.2,37.0 42.7 51.5,35.6 39.2 51.3,36.1 42.3 50.7,36.1 45.0 52.4,38.7 48.4 56.1,48.0 52.8 60.5,52.7 60.0 67.5,55.5 63.7 75.9,
2194,41.0 44.9 48.6,41.8 46.1 51.8,39.6 44.7 48.5,36.5 45.2 50.0,40.0 44.0 50.6,40.3 46.0 51.5,44.0 52.0 58.3,50.0 54.9 62.9,53.1 59.4 71.9,
2203,,25.4 28.7 30.7,34.9 35.5 36.0,32.0 35.1 38.7,32.0 35.1 38.7,34.6 35.8 38.0,38.3 44.6 52.6,42.3 56.0 59.8,40.9 53.6 58.4,
2219,23.1 25.0 30.2,24.5 26.6 29.3,25.5 25.5 31.5,25.5 25.5 31.5,26.9 31.6 31.6,25.9 32.2 36.5,29.7 33.1 38.3,33.3 38.5 44.3,40.8 41.7 46.8,
2221,,32.0 33.6 35.5,32.0 33.6 35.5,36.5 39.0 43.6,36.5 39.0 43.6,40.0 43.7 45.1,40.0 43.7 45.1,40.0 43.7 45.1,56.8 59.7 61.8,
2222,26.1 37.6 48.4,36.1 38.7 42.1,35.4 38.2 40.0,34.5 38.3 40.1,36.2 39.0 40.1,35.0 39.0 43.1,38.9 47.0 52.7,47.0 52.0 57.8,49.0 56.3 68.5,
2225,25.8 29.9 32.0,22.3 30.8 34.5,21.8 25.8 35.9,25.0 34.6 36.6,34.0 35.4 38.0,34.6 38.5 43.4,36.6 40.0 46.6,41.1 48.1 51.1,41.9 46.7 53.0,
2231,34.9 36.7 41.5,35.1 39.3 44.8,33.6 39.7 45.0,34.5 39.7 44.2,37.6 42.0 45.9,38.0 41.2 44.8,41.2 52.9 60.0,56.9 62.4 70.0,56.5 66.7 73.4,
2244,,32.4 34.4 38.9,31.1 33.3 39.0,31.1 33.3 39.0,31.1 33.3 39.0,31.1 33.3 39.0,31.1 33.3 39.0,46.8 49.5 54.0,48.6 53.8 58.8,
2246,,32.4 34.4 38.9,31.1 33.3 39.0,31.1 33.3 39.0,31.1 33.3 39.0,31.1 33.3 39.0,31.1 33.3 39.0,46.8 49.5 54.0,48.6 53.8 58.8,
2248,33.6 41.6 52.2,37.0 42.7 51.5,35.6 39.2 51.3,36.1 42.3 50.7,36.1 45.0 52.4,38.7 48.4 56.1,48.0 52.8 60.5,52.7 60.0 67.5,55.5 63.7 75.9,
2249,,32.4 34.4 38.9,31.1 33.3 39.0,31.1 33.3 39.0,31.1 33.3 39.0,31.1 33.3 39.0,31.1 33.3 39.0,46.8 49.5 54.0,48.6 53.8 58.8,
2251,28.5 32.7 36.3,30.4 34.3 39.0,30.0 32.9 38.8,29.0 31.6 35.7,31.3 34.1 36.8,33.2 36.6 39.0,34.4 40.0 45.2,42.4 47.9 54.2,45.2 51.9 61.8,
2257,,25.4 28.7 30.7,34.9 35.5 36.0,32.0 35.1 38.7,32.0 35.1 38.7,34.6 35.8 38.0,38.3 44.6 52.6,42.3 56.0 59.8,40.9 53.6 58.4,
2258,,25.4 28.7 30.7,34.9 35.5 36.0,32.0 35.1 38.7,32.0 35.1 38.7,34.6 35.8 38.0,38.3 44.6 52.6,42.3 56.0 59.8,40.9 53.6 58.4,
2265,25.8 29.9 32.0,22.3 30.8 34.5,21.8 25.8 35.9,25.0 34.6 36.6,34.0 35.4 38.0,34.6 38.5 43.4,36.6 40.0 46.6,41.1 48.1 51.1,41.9 46.7 53.0,
2266,23.1 25.0 30.2,24.5 26.6 29.3,25.5 25.5 31.5,25.5 25.5 31.5,26.9 31.6 31.6,25.9 32.2 36.5,29.7 33.1 38.3,33.3 38.5 44.3,40.8 41.7 46.8,
2273,28.6 30.5 32.5,30.1 32.3 38.4,29.7 30.0 35.8,28.9 30.0 34.3,28.1 33.6 35.6,33.2 39.3 42.6,37.0 42.5 45.6,41.6 46.7 50.8,46.0 53.4 55.8,
2276,35.7 42.9 51.4,35.7 42.9 51.4,39.8 46.6 55.4,47.3 52.3 54.3,46.0 50.0 55.3,45.8 53.3 61.9,49.7 56.6 70.3,48.6 61.5 67.2,54.6 62.5 71.9,
2278,25.8 29.9 32.0,22.3 30.8 34.5,21.8 25.8 35.9,25.0 34.6 36.6,34.0 35.4 38.0,34.6 38.5 43.4,36.6 40.0 46.6,41.1 48.1 51.1,41.9 46.7 53.0,
2282,28.5 32.7 36.3,30.4 34.3 39.0,30.0 32.9 38.8,29.0 31.6 35.7,31.3 34.1 36.8,33.2 36.6 39.0,34.4 40.0 45.2,42.4 47.9 54.2,45.2 51.9 61.8,
2288,35.7 42.9 51.4,35.7 42.9 51.4,39.8 46.6 55.4,47.3 52.3 54.3,46.0 50.0 55.3,45.8 53.3 61.9,49.7 56.6 70.3,48.6 61.5 67.2,54.6 62.5 71.9,
2294,41.0 44.9 48.6,41.8 46.1 51.8,39.6 44.7 48.5,36.5 45.2 50.0,40.0 44.0 50.6,40.3 46.0 51.5,44.0 52.0 58.3,50.0 54.9 62.9,53.1 59.4 71.9,
2296,33.6 41.6 52.2,37.0 42.7 51.5,35.6 39.2 51.3,36.1 42.3 50.7,36.1 45.0 52.4,38.7 48.4 56.1,48.0 52.8 60.5,52.7 60.0 67.5,55.5 63.7 75.9,
2309,37.0 46.4 52.9,42.8 49.7 52.4,40.7 46.9 49.7,45.7 49.0 51.9,46.4 50.4 55.3,49.3 53.5 60.3,53.0 58.0 64.4,58.1 64.2 73.4,62.0 71.3 79.7,
2311,33.6 41.6 52.2,37.0 42.7 51.5,35.6 39.2 51.3,36.1 42.3 50.7,36.1 45.0 52.4,38.7 48.4 56.1,48.0 52.8 60.5,52.7 60.0 67.5,55.5 63.7 75.9,
2317,33.6 41.6 52.2,37.0 42.7 51.5,35.6 39.2 51.3,36.1 42.3 50.7,36.1 45.0 52.4,38.7 48.4 56.1,48.0 52.8 60.5,52.7 60.0 67.5,55.5 63.7 75.9,
2318,,20.9 23.2 25.0,20.9 23.2 25.0,20.9 23.2 25.0,26.6 32.2 33.9,24.8 33.3 34.5,24.8 33.3 34.5,29.3 39.1 42.0,40.6 44.8 48.6,
2329,26.1 37.6 48.4,36.1 38.7 42.1,35.4 38.2 40.0,34.5 38.3 40.1,36.2 39.0 40.1,35.0 39.0 43.1,38.9 47.0 52.7,47.0 52.0 57.8,49.0 56.3 68.5,
2335,28.5 32.7 36.3,30.4 34.3 39.0,30.0 32.9 38.8,29.0 31.6 35.7,31.3 34.1 36.8,33.2 36.6 39.0,34.4 40.0 45.2,42.4 47.9 54.2,45.2 51.9 61.8,
2338,39.3 45.0 49.4,44.0 48.5 57.2,43.9 48.5 54.5,42.0 50.0 55.7,47.0 52.2 58.7,47.6 53.9 59.2,50.0 58.7 66.1,53.5 64.2 86.2,61.7 70.9 89.7,
2342,33.6 41.6 52.2,37.0 42.7 51.5,35.6 39.2 51.3,36.1 42.3 50.7,36.1 45.0 52.4,38.7 48.4 56.1,48.0 52.8 60.5,52.7 60.0 67.5,55.5 63.7 75.9,
2345,41.0 44.9 48.6,41.8 46.1 51.8,39.6 44.7 48.5,36.5 45.2 50.0,40.0 44.0 50.6,40.3 46.0 51.5,44.0 52.0 58.3,50.0 54.9 62.9,53.1 59.4 71.9,
2348,25.8 29.9 32.0,22.3 30.8 34.5,21.8 25.8 35.9,25.0 34.6 36.6,34.0 35.4 38.0,34.6 38.5 43.4,36.6 40.0 46.6,41.1 48.1 51.1,41.9 46.7 53.0,
2350,,19.8 20.8 22.8,19.8 20.8 22.8,29.8 30.5 31.8,29.8 30.5 31.8,31.9 33.8 34.5,38.8 41.8 44.9,40.0 42.8 44.0,41.1 45.6 51.1,
2364,25.8 29.9 32.0,22.3 30.8 34.5,21.8 25.8 35.9,25.0 34.6 36.6,34.0 35.4 38.0,34.6 38.5 43.4,36.6 40.0 46.6,41.1 48.1 51.1,41.9 46.7 53.0,
2369,26.1 37.6 48.4,36.1 38.7 42.1,35.4 38.2 40.0,34.5 38.3 40.1,36.2 39.0 40.1,35.0 39.0 43.1,38.9 47.0 52.7,47.0 52.0 57.8,49.0 56.3 68.5,
2384,33.6 41.6 52.2,37.0 42.7 51.5,35.6 39.2 51.3,36.1 42.3 50.7,36.1 45.0 52.4,38.7 48.4 56.1,48.0 52.8 60.5,52.7 60.0 67.5,55.5 63.7 75.9,
2385,33.6 41.6 52.2,37.0 42.7 51.5,35.6 39.2 51.3,36.1 42.3 50.7,36.1 45.0 52.4,38.7 48.4 56.1,48.0 52.8 60.5,52.7 60.0 67.5,55.5 63.7 75.9,
2388,32.4 35.3 41.9,34.0 36.9 44.0,33.4 36.0 42.1,35.3 36.6 39.8,34.2 37.0 40.3,35.7 40.0 49.0,39.0 45.6 52.0,44.8 51.2 56.9,48.7 55.7 57.5,
2391,35.7 42.9 51.4,35.7 42.9 51.4,39.8 46.6 55.4,47.3 52.3 54.3,46.0 50.0 55.3,45.8 53.3 61.9,49.7 56.6 70.3,48.6 61.5 67.2,54.6 62.5 71.9,
2394,43.0 45.6 48.8,39.4 48.5 50.8,40.2 44.3 49.6,45.0 47.1 49.5,42.3 50.6 56.9,45.6 50.0 53.0,47.0 56.4 65.0,56.2 65.0 77.8,64.6 73.2 79.5,
2395,37.0 46.4 52.9,42.8 49.7 52.4,40.7 46.9 49.7,45.7 49.0 51.9,46.4 50.4 55.3,49.3 53.5 60.3,53.0 58.0 64.4,58.1 64.2 73.4,62.0 71.3 79.7,
2396,33.6 41.6 52.2,37.0 42.7 51.5,35.6 39.2 51.3,36.1 42.3 50.7,36.1 45.0 52.4,38.7 48.4 56.1,48.0 52.8 60.5,52.7 60.0 67.5,55.5 63.7 75.9,
2397,33.6 41.6 52.2,37.0 42.7 51.5,35.6 39.2 51.3,36.1 42.3 50.7,36.1 45.0 52.4,38.7 48.4 56.1,48.0 52.8 60.5,52.7 60.0 67.5,55.5 63.7 75.9,
2399,26.1 37.6 48.4,36.1 38.7 42.1,35.4 38.2 40.0,34.5 38.3 40.1,36.2 39.0 40.1,35.0 39.0 43.1,38.9 47.0 52.7,47.0 52.0 57.8,49.0 56.3 68.5,
2404,35.7 42.9 51.4,35.7 42.9 51.4,39.8 46.6 55.4,47.3 52.3 54.3,46.0 50.0 55.3,45.8 53.3 61.9,49.7 56.6 70.3,48.6 61.5 67.2,54.6 62.5 71.9,
2407,21.9 25.2 36.8,22.4 26.3 34.3,19.9 25.8 34.4,22.2 25.8 33.4,22.0 25.4 29.6,,23.9 32.3 42.4,29.5 38.6 46.0,31.2 44.0 56.0,
2422,26.1 37.6 48.4,36.1 38.7 42.1,35.4 38.2 40.0,34.5 38.3 40.1,36.2 39.0 40.1,35.0 39.0 43.1,38.9 47.0 52.7,47.0 52.0 57.8,49.0 56.3 68.5,
2435,21.9 25.2 36.8,22.4 26.3 34.3,19.9 25.8 34.4,22.2 25.8 33.4,22.0 25.4 29.6,,23.9 32.3 42.4,29.5 38.6 46.0,31.2 44.0 56.0,
2436,25.8 29.9 32.0,22.3 30.8 34.5,21.8 25.8 35.9,25.0 34.6 36.6,34.0 35.4 38.0,34.6 38.5 43.4,36.6 40.0 46.6,41.1 48.1 51.1,41.9 46.7 53.0,
2441,34.9 36.7 41.5,35.1 39.3 44.8,33.6 39.7 45.0,34.5 39.7 44.2,37.6 42.0 45.9,38.0 41.2 44.8,41.2 52.9 60.0,56.9 62.4 70.0,56.5 66.7 73.4,
2461,,201.8 215.0 221.0,201.8 215.0 221.0,201.8 215.0 221.0,201.8 215.0 221.0,201.8 215.0 221.0,201.8 215.0 221.0,352.0 357.1 371.4,352.0 374.8 395.2,
2463,,19.8 20.8 22.8,19.8 20.8 22.8,29.8 30.5 31.8,29.8 30.5 31.8,31.9 33.8 34.5,38.8 41.8 44.9,40.0 42.8 44.0,41.1 45.6 51.1,
2464,25.8 29.9 32.0,22.3 30.8 34.5,21.8 25.8 35.9,25.0 34.6 36.6,34.0 35.4 38.0,34.6 38.5 43.4,36.6 40.0 46.6,41.1 48.1 51.1,41.9 46.7 53.0,
2468,,201.8 215.0 221.0,201.8 215.0 221.0,201.8 215.0 221.0,201.8 215.0 221.0,201.8 215.0 221.0,201.8 215.0 221.0,352.0 357.1 371.4,352.0 374.8 395.2,
2469,,201.8 215.0 221.0,201.8 215.0 221.0,201.8 215.0 221.0,201.8 215.0 221.0,201.8 215.0 221.0,201.8 215.0 221.0,352.0 357.1 371.4,352.0 374.8 395.2,
2471,,195.6 239.3 289.8,153.7 192.4 261.2,157.2 213.9 273.0,191.8 219.4 271.1,199.6 220.5 238.0,201.0 234.5 364.1,181.0 287.2 486.8,181.0 346.0 501.0,
2474,,201.8 215.0 221.0,201.8 215.0 221.0,201.8 215.0 221.0,201.8 215.0 221.0,201.8 215.0 221.0,201.8 215.0 221.0,352.0 357.1 371.4,352.0 374.8 395.2,
2475,,195.6 239.3 289.8,153.7 192.4 261.2,157.2 213.9 273.0,191.8 219.4 271.1,199.6 220.5 238.0,201.0 234.5 364.1,181.0 287.2 486.8,181.0 346.0 501.0,
2476,,19.8 20.8 22.8,19.8 20.8 22.8,29.8 30.5 31.8,29.8 30.5 31.8,31.9 33.8 34.5,38.8 41.8 44.9,40.0 42.8 44.0,41.1 45.6 51.1,
2479,,195.6 239.3 289.8,153.7 192.4 261.2,157.2 213.9 273.0,191.8 219.4 271.1,199.6 220.5 238.0,201.0 234.5 364.1,181.0 287.2 486.8,181.0 346.0 501.0,
2480,,195.6 239.3 289.8,153.7 192.4 261.2,157.2 213.9 273.0,191.8 219.4 271.1,199.6 220.5 238.0,201.0 234.5 364.1,181.0 287.2 486.8,181.0 346.0 501.0,
2483,,19.8 20.8 22.8,19.8 20.8 22.8,29.8 30.5 31.8,29.8 30.5 31.8,31.9 33.8 34.5,38.8 41.8 44.9,40.0 42.8 44.0,41.1 45.6 51.1,
2484,,201.8 215.0 221.0,201.8 215.0 221.0,201.8 215.0 221.0,201.8 215.0 221.0,201.8 215.0 221.0,201.8 215.0 221.0,352.0 357.1 371.4,352.0 374.8 395.2,
2499,21.6 26.3 29.0,22.4 27.3 28.7,22.1 26.8 29.1,22.9 26.5 29.0,23.8 28.0 30.3,24.8 28.3 34.6,27.4 34.3 42.5,32.9 39.8 43.8,36.1 42.1 49.1,
2501,30.1 33.1 38.8,32.4 35.7 39.9,32.4 35.2 40.5,31.9 36.0 41.6,33.6 36.0 39.0,34.3 38.8 40.3,41.0 49.6 53.5,45.9 50.7 56.2,48.7 52.5 63.7,
2502,21.2 23.8 26.8,24.0 25.4 30.2,23.0 25.4 30.5,23.0 26.1 29.3,24.7 26.9 30.6,27.9 30.3 33.4,29.5 35.6 41.9,35.1 39.7 43.6,35.8 42.1 48.7,
2511,24.1 28.4 30.4,24.5 28.2 32.2,24.6 29.1 32.4,26.2 29.6 31.5,29.6 30.8 34.4,31.5 35.7 42.4,36.3 39.0 43.7,39.1 45.2 48.3,43.5 48.9 53.4,
2514,16.1 18.5 26.8,19.5 22.3 24.2,19.5 22.3 24.2,22.2 24.4 27.6,18.9 24.1 30.6,20.0 24.6 31.8,24.1 31.0 33.7,25.8 32.8 39.2,34.1 39.5 41.8,
2517,,23.5 29.9 31.9,27.7 29.9 33.6,24.9 34.0 34.9,30.4 32.0 34.0,28.0 32.0 49.9,28.8 34.3 38.8,34.8 38.1 40.7,37.3 43.1 54.9,
2546,,14.3 20.1 31.6,14.3 20.1 31.6,31.0 33.5 40.3,28.6 34.1 35.8,29.7 36.9 43.8,33.8 38.5 46.2,35.5 40.0 55.8,36.6 43.3 53.2,
2547,,23.5 29.9 31.9,27.7 29.9 33.6,24.9 34.0 34.9,30.4 32.0 34.0,28.0 32.0 49.9,28.8 34.3 38.8,34.8 38.1 40.7,37.3 43.1 54.9,
2556,33.0 36.1 40.5,34.5 40.4 42.6,34.8 39.0 43.8,34.0 38.2 44.1,35.3 40.6 46.1,38.0 42.5 48.2,44.1 48.0 53.4,48.1 52.7 58.7,50.0 56.6 62.6,
2559,16.1 18.5 26.8,19.5 22.3 24.2,19.5 22.3 24.2,22.2 24.4 27.6,18.9 24.1 30.6,20.0 24.6 31.8,24.1 31.0 33.7,25.8 32.8 39.2,34.1 39.5 41.8,
2561,24.1 28.4 30.4,24.5 28.2 32.2,24.6 29.1 32.4,26.2 29.6 31.5,29.6 30.8 34.4,31.5 35.7 42.4,36.3 39.0 43.7,39.1 45.2 48.3,43.5 48.9 53.4,
2562,24.1 28.4 30.4,24.5 28.2 32.2,24.6 29.1 32.4,26.2 29.6 31.5,29.6 30.8 34.4,31.5 35.7 42.4,36.3 39.0 43.7,39.1 45.2 48.3,43.5 48.9 53.4,
2565,,,21.2 23.7 25.7,23.9 25.4 26.6,24.3 25.0 26.0,24.6 25.9 28.1,29.1 32.1 36.3,33.3 35.6 40.7,33.0 37.3 41.6,
2569,,23.5 29.9 31.9,27.7 29.9 33.6,24.9 34.0 34.9,30.4 32.0 34.0,28.0 32.0 49.9,28.8 34.3 38.8,34.8 38.1 40.7,37.3 43.1 54.9,
2570,,23.5 29.9 31.9,27.7 29.9 33.6,24.9 34.0 34.9,30.4 32.0 34.0,28.0 32.0 49.9,28.8 34.3 38.8,34.8 38.1 40.7,37.3 43.1 54.9,
2587,21.6 26.3 29.0,22.4 27.3 28.7,22.1 26.8 29.1,22.9 26.5 29.0,23.8 28.0 30.3,24.8 28.3 34.6,27.4 34.3 42.5,32.9 39.8 43.8,36.1 42.1 49.1,
2596,16.1 18.5 26.8,19.5 22.3 24.2,19.5 22.3 24.2,22.2 24.4 27.6,18.9 24.1 30.6,20.0 24.6 31.8,24.1 31.0 33.7,25.8 32.8 39.2,34.1 39.5 41.8,
2603,23.9 26.3 29.6,16.0 27.4 31.3,27.0 28.4 32.6,25.7 28.3 31.6,27.3 29.1 34.7,31.6 33.9 36.5,35.2 40.3 42.8,39.0 42.5 49.7,41.1 45.0 51.4,
2604,21.4 25.5 31.2,21.4 25.1 29.5,25.5 28.3 31.2,24.3 29.7 33.7,25.3 29.7 36.4,28.8 34.7 37.4,34.9 38.9 46.1,39.4 43.5 48.4,40.1 43.7 49.8,
2606,20.9 22.0 24.2,22.6 24.7 26.5,23.3 24.6 25.7,22.4 24.3 25.3,19.2 24.6 30.7,22.3 26.6 28.8,23.6 34.9 38.1,31.2 36.2 38.4,33.6 36.4 41.1,
2608,21.6 26.3 29.0,22.4 27.3 28.7,22.1 26.8 29.1,22.9 26.5 29.0,23.8 28.0 30.3,24.8 28.3 34.6,27.4 34.3 42.5,32.9 39.8 43.8,36.1 42.1 49.1,
2612,33.6 35.5 36.7,30.5 33.7 38.0,30.0 33.2 36.8,30.5 34.4 37.8,30.5 34.4 37.8,35.6 38.8 42.6,34.6 38.5 43.6,45.0 49.4 54.9,48.0 52.6 59.7,
2632,17.7 19.7 22.0,17.7 19.7 22.0,17.7 19.7 22.0,17.7 19.7 22.0,17.7 19.7 22.0,17.7 19.7 22.0,23.3 26.6 29.9,31.9 35.2 37.7,30.6 34.7 38.3,
2633,22.0 24.8 25.4,22.8 23.8 26.3,23.1 24.6 26.4,22.5 24.0 26.1,22.4 24.7 26.4,23.8 27.1 31.4,27.3 30.6 33.5,32.5 38.0 41.5,33.2 38.7 41.8,
2634,17.7 19.7 22.0,17.7 19.7 22.0,17.7 19.7 22.0,17.7 19.7 22.0,17.7 19.7 22.0,17.7 19.7 22.0,23.3 26.6 29.9,31.9 35.2 37.7,30.6 34.7 38.3,
2636,,,21.2 23.7 25.7,23.9 25.4 26.6,24.3 25.0 26.0,24.6 25.9 28.1,29.1 32.1 36.3,33.3 35.6 40.7,33.0 37.3 41.6,
2648,33.0 36.1 40.5,34.5 40.4 42.6,34.8 39.0 43.8,34.0 38.2 44.1,35.3 40.6 46.1,38.0 42.5 48.2,44.1 48.0 53.4,48.1 52.7 58.7,50.0 56.6 62.6,
2653,30.1 33.1 38.8,32.4 35.7 39.9,32.4 35.2 40.5,31.9 36.0 41.6,33.6 36.0 39.0,34.3 38.8 40.3,41.0 49.6 53.5,45.9 50.7 56.2,48.7 52.5 63.7,
2656,,23.5 29.9 31.9,27.7 29.9 33.6,24.9 34.0 34.9,30.4 32.0 34.0,28.0 32.0 49.9,28.8 34.3 38.8,34.8 38.1 40.7,37.3 43.1 54.9,
2661,21.6 26.3 29.0,22.4 27.3 28.7,22.1 26.8 29.1,22.9 26.5 29.0,23.8 28.0 30.3,24.8 28.3 34.6,27.4 34.3 42.5,32.9 39.8 43.8,36.1 42.1 49.1,
2662,33.6 35.5 36.7,30.5 33.7 38.0,30.0 33.2 36.8,30.5 34.4 37.8,30.5 34.4 37.8,35.6 38.8 42.6,34.6 38.5 43.6,45.0 49.4 54.9,48.0 52.6 59.7,
2667,21.6 26.3 29.0,22.4 27.3 28.7,22.1 26.8 29.1,22.9 26.5 29.0,23.8 28.0 30.3,24.8 28.3 34.6,27.4 34.3 42.5,32.9 39.8 43.8,36.1 42.1 49.1,
2668,21.6 26.3 29.0,22.4 27.3 28.7,22.1 26.8 29.1,22.9 26.5 29.0,23.8 28.0 30.3,24.8 28.3 34.6,27.4 34.3 42.5,32.9 39.8 43.8,36.1 42.1 49.1,
2669,21.6 26.3 29.0,22.4 27.3 28.7,22.1 26.8 29.1,22.9 26.5 29.0,23.8 28.0 30.3,24.8 28.3 34.6,27.4 34.3 42.5,32.9 39.8 43.8,36.1 42.1 49.1,
2670,21.6 26.3 29.0,22.4 27.3 28.7,22.1 26.8 29.1,22.9 26.5 29.0,23.8 28.0 30.3,24.8 28.3 34.6,27.4 34.3 42.5,32.9 39.8 43.8,36.1 42.1 49.1,
2676,33.0 36.1 40.5,34.5 40.4 42.6,34.8 39.0 43.8,34.0 38.2 44.1,35.3 40.6 46.1,38.0 42.5 48.2,44.1 48.0 53.4,48.1 52.7 58.7,50.0 56.6 62.6,
2677,21.6 26.3 29.0,22.4 27.3 28.7,22.1 26.8 29.1,22.9 26.5 29.0,23.8 28.0 30.3,24.8 28.3 34.6,27.4 34.3 42.5,32.9 39.8 43.8,36.1 42.1 49.1,
2679,21.6 26.3 29.0,22.4 27.3 28.7,22.1 26.8 29.1,22.9 26.5 29.0,23.8 28.0 30.3,24.8 28.3 34.6,27.4 34.3 42.5,32.9 39.8 43.8,36.1 42.1 49.1,
2680,24.1 25.0 27.2,22.8 26.1 28.5,23.9 25.8 28.1,21.7 26.1 27.4,,27.5 30.6 36.6,30.7 37.6 42.6,37.4 38.9 41.6,37.0 41.3 43.9,
2683,,23.5 29.9 31.9,27.7 29.9 33.6,24.9 34.0 34.9,30.4 32.0 34.0,28.0 32.0 49.9,28.8 34.3 38.8,34.8 38.1 40.7,37.3 43.1 54.9,
2693,,19.2 21.4 22.0,19.2 21.4 22.0,19.2 21.4 22.0,19.2 21.4 22.0,27.5 30.0 31.7,31.9 34.4 38.7,32.1 34.0 41.0,31.2 35.4 36.1,
2694,16.1 18.5 26.8,19.5 22.3 24.2,19.5 22.3 24.2,22.2 24.4 27.6,18.9 24.1 30.6,20.0 24.6 31.8,24.1 31.0 33.7,25.8 32.8 39.2,34.1 39.5 41.8,
2697,33.6 35.5 36.7,30.5 33.7 38.0,30.0 33.2 36.8,30.5 34.4 37.8,30.5 34.4 37.8,35.6 38.8 42.6,34.6 38.5 43.6,45.0 49.4 54.9,48.0 52.6 59.7,
2707,17.2 21.5 24.5,19.9 21.5 26.6,18.0 22.9 23.8,18.0 22.9 23.8,18.0 22.9 23.8,21.4 24.8 28.5,28.2 29.8 35.2,31.4 34.7 39.1,32.6 37.2 43.6,
2713,44.1 48.2 60.6,45.2 50.5 59.8,45.2 50.5 59.8,47.0 51.7 55.0,50.0 54.0 55.8,54.5 61.3 65.0,57.4 61.1 74.1,62.8 69.1 90.5,64.7 75.0 102.1,
2721,,,21.2 23.7 25.7,23.9 25.4 26.6,24.3 25.0 26.0,24.6 25.9 28.1,29.1 32.1 36.3,33.3 35.6 40.7,33.0 37.3 41.6,
2722,,23.5 29.9 31.9,27.7 29.9 33.6,24.9 34.0 34.9,30.4 32.0 34.0,28.0 32.0 49.9,28.8 34.3 38.8,34.8 38.1 40.7,37.3 43.1 54.9,
2725,24.6 33.6 50.0,33.0 38.8 54.0,34.5 41.3 54.0,34.2 42.6 49.4,37.5 41.8 46.0,37.3 44.4 51.8,42.0 47.4 59.5,44.4 50.8 62.0,49.3 58.1 62.0,
2727,16.1 18.5 26.8,19.5 22.3 24.2,19.5 22.3 24.2,22.2 24.4 27.6,18.9 24.1 30.6,20.0 24.6 31.8,24.1 31.0 33.7,25.8 32.8 39.2,34.1 39.5 41.8,
2730,21.6 26.3 29.0,22.4 27.3 28.7,22.1 26.8 29.1,22.9 26.5 29.0,23.8 28.0 30.3,24.8 28.3 34.6,27.4 34.3 42.5,32.9 39.8 43.8,36.1 42.1 49.1,
2731,22.0 24.8 25.4,22.8 23.8 26.3,23.1 24.6 26.4,22.5 24.0 26.1,22.4 24.7 26.4,23.8 27.1 31.4,27.3 30.6 33.5,32.5 38.0 41.5,33.2 38.7 41.8,
2735,23.9 26.3 29.6,16.0 27.4 31.3,27.0 28.4 32.6,25.7 28.3 31.6,27.3 29.1 34.7,31.6 33.9 36.5,35.2 40.3 42.8,39.0 42.5 49.7,41.1 45.0 51.4,
2738,17.2 21.5 24.5,19.9 21.5 26.6,18.0 22.9 23.8,18.0 22.9 23.8,18.0 22.9 23.8,21.4 24.8 28.5,28.2 29.8 35.2,31.4 34.7 39.1,32.6 37.2 43.6,
2752,24.1 28.4 30.4,24.5 28.2 32.2,24.6 29.1 32.4,26.2 29.6 31.5,29.6 30.8 34.4,31.5 35.7 42.4,36.3 39.0 43.7,39.1 45.2 48.3,43.5 48.9 53.4,
2754,22.1 24.3 29.4,22.9 24.4 26.6,23.5 24.5 26.7,23.1 25.0 27.2,24.1 25.0 28.9,24.4 28.9 31.2,31.3 37.8 40.4,34.3 37.5 41.9,36.5 39.1 42.1,
2758,21.9 23.3 27.3,24.2 25.8 26.9,23.1 25.1 27.8,24.0 27.6 27.9,26.1 27.8 29.0,27.6 28.5 31.4,28.7 33.3 36.6,35.0 36.7 39.3,33.4 38.2 41.0,
2762,31.8 35.6 38.5,32.5 38.9 41.8,34.7 39.8 40.8,34.4 38.7 42.2,35.4 38.9 42.6,36.6 42.0 48.1,40.0 47.0 53.6,44.2 50.0 57.8,45.0 53.3 58.0,
2764,16.1 18.5 26.8,19.5 22.3 24.2,19.5 22.3 24.2,22.2 24.4 27.6,18.9 24.1 30.6,20.0 24.6 31.8,24.1 31.0 33.7,25.8 32.8 39.2,34.1 39.5 41.8,
2771,20.9 22.0 24.2,22.6 24.7 26.5,23.3 24.6 25.7,22.4 24.3 25.3,19.2 24.6 30.7,22.3 26.6 28.8,23.6 34.9 38.1,31.2 36.2 38.4,33.6 36.4 41.1,
2772,17.2 21.5 24.5,19.9 21.5 26.6,18.0 22.9 23.8,18.0 22.9 23.8,18.0 22.9 23.8,21.4 24.8 28.5,28.2 29.8 35.2,31.4 34.7 39.1,32.6 37.2 43.6,
2776,16.1 18.5 26.8,19.5 22.3 24.2,19.5 22.3 24.2,22.2 24.4 27.6,18.9 24.1 30.6,20.0 24.6 31.8,24.1 31.0 33.7,25.8 32.8 39.2,34.1 39.5 41.8,
2777,16.1 18.5 26.8,19.5 22.3 24.2,19.5 22.3 24.2,22.2 24.4 27.6,18.9 24.1 30.6,20.0 24.6 31.8,24.1 31.0 33.7,25.8 32.8 39.2,34.1 39.5 41.8,
2778,17.2 21.5 24.5,19.9 21.5 26.6,18.0 22.9 23.8,18.0 22.9 23.8,18.0 22.9 23.8,21.4 24.8 28.5,28.2 29.8 35.2,31.4 34.7 39.1,32.6 37.2 43.6,
2779,22.1 24.3 29.4,22.9 24.4 26.6,23.5 24.5 26.7,23.1 25.0 27.2,24.1 25.0 28.9,24.4 28.9 31.2,31.3 37.8 40.4,34.3 37.5 41.9,36.5 39.1 42.1,
2780,20.9 22.0 24.2,22.6 24.7 26.5,23.3 24.6 25.7,22.4 24.3 25.3,19.2 24.6 30.7,22.3 26.6 28.8,23.6 34.9 38.1,31.2 36.2 38.4,33.6 36.4 41.1,
2784,,23.5 29.9 31.9,27.7 29.9 33.6,24.9 34.0 34.9,30.4 32.0 34.0,28.0 32.0 49.9,28.8 34.3 38.8,34.8 38.1 40.7,37.3 43.1 54.9,
2785,22.0 24.8 25.4,22.8 23.8 26.3,23.1 24.6 26.4,22.5 24.0 26.1,22.4 24.7 26.4,23.8 27.1 31.4,27.3 30.6 33.5,32.5 38.0 41.5,33.2 38.7 41.8,
2790,24.6 33.6 50.0,33.0 38.8 54.0,34.5 41.3 54.0,34.2 42.6 49.4,37.5 41.8 46.0,37.3 44.4 51.8,42.0 47.4 59.5,44.4 50.8 62.0,49.3 58.1 62.0,
2797,23.9 26.3 29.6,16.0 27.4 31.3,27.0 28.4 32.6,25.7 28.3 31.6,27.3 29.1 34.7,31.6 33.9 36.5,35.2 40.3 42.8,39.0 42.5 49.7,41.1 45.0 51.4,
2801,20.9 22.0 24.2,22.6 24.7 26.5,23.3 24.6 25.7,22.4 24.3 25.3,19.2 24.6 30.7,22.3 26.6 28.8,23.6 34.9 38.1,31.2 36.2 38.4,33.6 36.4 41.1,
2806,,14.3 20.1 31.6,14.3 20.1 31.6,31.0 33.5 40.3,28.6 34.1 35.8,29.7 36.9 43.8,33.8 38.5 46.2,35.5 40.0 55.8,36.6 43.3 53.2,
2809,,28.1 30.8 32.1,27.5 30.0 31.6,27.5 30.0 31.6,29.5 31.8 32.5,29.5 31.8 32.5,41.4 41.8 51.0,43.0 46.1 50.7,42.0 48.6 54.1,
2811,,23.5 29.9 31.9,27.7 29.9 33.6,24.9 34.0 34.9,30.4 32.0 34.0,28.0 32.0 49.9,28.8 34.3 38.8,34.8 38.1 40.7,37.3 43.1 54.9,
2812,24.6 33.6 50.0,33.0 38.8 54.0,34.5 41.3 54.0,34.2 42.6 49.4,37.5 41.8 46.0,37.3 44.4 51.8,42.0 47.4 59.5,44.4 50.8 62.0,49.3 58.1 62.0,
2817,21.4 25.5 31.2,21.4 25.1 29.5,25.5 28.3 31.2,24.3 29.7 33.7,25.3 29.7 36.4,28.8 34.7 37.4,34.9 38.9 46.1,39.4 43.5 48.4,40.1 43.7 49.8,
2820,33.0 36.1 40.5,34.5 40.4 42.6,34.8 39.0 43.8,34.0 38.2 44.1,35.3 40.6 46.1,38.0 42.5 48.2,44.1 48.0 53.4,48.1 52.7 58.7,50.0 56.6 62.6,
2825,30.1 33.1 38.8,32.4 35.7 39.9,32.4 35.2 40.5,31.9 36.0 41.6,33.6 36.0 39.0,34.3 38.8 40.3,41.0 49.6 53.5,45.9 50.7 56.2,48.7 52.5 63.7,
2826,21.4 25.5 31.2,21.4 25.1 29.5,25.5 28.3 31.2,24.3 29.7 33.7,25.3 29.7 36.4,28.8 34.7 37.4,34.9 38.9 46.1,39.4 43.5 48.4,40.1 43.7 49.8,
2829,,23.5 29.9 31.9,27.7 29.9 33.6,24.9 34.0 34.9,30.4 32.0 34.0,28.0 32.0 49.9,28.8 34.3 38.8,34.8 38.1 40.7,37.3 43.1 54.9,
2830,21.4 25.5 31.2,21.4 25.1 29.5,25.5 28.3 31.2,24.3 29.7 33.7,25.3 29.7 36.4,28.8 34.7 37.4,34.9 38.9 46.1,39.4 43.5 48.4,40.1 43.7 49.8,
2831,20.9 22.0 24.2,22.6 24.7 26.5,23.3 24.6 25.7,22.4 24.3 25.3,19.2 24.6 30.7,22.3 26.6 28.8,23.6 34.9 38.1,31.2 36.2 38.4,33.6 36.4 41.1,
2832,22.0 24.8 25.4,22.8 23.8 26.3,23.1 24.6 26.4,22.5 24.0 26.1,22.4 24.7 26.4,23.8 27.1 31.4,27.3 30.6 33.5,32.5 38.0 41.5,33.2 38.7 41.8,
2833,17.7 19.7 22.0,17.7 19.7 22.0,17.7 19.7 22.0,17.7 19.7 22.0,17.7 19.7 22.0,17.7 19.7 22.0,23.3 26.6 29.9,31.9 35.2 37.7,30.6 34.7 38.3,
2836,20.9 22.0 24.2,22.6 24.7 26.5,23.3 24.6 25.7,22.4 24.3 25.3,19.2 24.6 30.7,22.3 26.6 28.8,23.6 34.9 38.1,31.2 36.2 38.4,33.6 36.4 41.1,
2841,23.1 26.0 32.0,24.4 30.0 33.5,25.8 30.9 32.9,26.7 28.9 31.6,27.5 29.8 34.7,28.2 32.1 35.7,30.2 34.5 41.4,36.7 41.7 47.6,38.8 42.0 49.3,
2843,25.0 26.8 27.7,23.3 25.5 30.6,24.2 26.2 28.6,25.5 28.1 31.8,27.7 29.0 31.4,26.9 29.7 32.2,27.9 34.7 45.5,33.3 36.2 39.9,32.4 40.5 47.7,
2851,24.1 28.4 30.4,24.5 28.2 32.2,24.6 29.1 32.4,26.2 29.6 31.5,29.6 30.8 34.4,31.5 35.7 42.4,36.3 39.0 43.7,39.1 45.2 48.3,43.5 48.9 53.4,
2852,24.1 28.4 30.4,24.5 28.2 32.2,24.6 29.1 32.4,26.2 29.6 31.5,29.6 30.8 34.4,31.5 35.7 42.4,36.3 39.0 43.7,39.1 45.2 48.3,43.5 48.9 53.4,
2853,,23.5 29.9 31.9,27.7 29.9 33.6,24.9 34.0 34.9,30.4 32.0 34.0,28.0 32.0 49.9,28.8 34.3 38.8,34.8 38.1 40.7,37.3 43.1 54.9,
2855,,28.1 30.8 32.1,27.5 30.0 31.6,27.5 30.0 31.6,29.5 31.8 32.5,29.5 31.8 32.5,41.4 41.8 51.0,43.0 46.1 50.7,42.0 48.6 54.1,
2856,24.1 28.4 30.4,24.5 28.2 32.2,24.6 29.1 32.4,26.2 29.6 31.5,29.6 30.8 34.4,31.5 35.7 42.4,36.3 39.0 43.7,39.1 45.2 48.3,43.5 48.9 53.4,
2857,24.1 28.4 30.4,24.5 28.2 32.2,24.6 29.1 32.4,26.2 29.6 31.5,29.6 30.8 34.4,31.5 35.7 42.4,36.3 39.0 43.7,39.1 45.2 48.3,43.5 48.9 53.4,
2858,24.1 28.4 30.4,24.5 28.2 32.2,24.6 29.1 32.4,26.2 29.6 31.5,29.6 30.8 34.4,31.5 35.7 42.4,36.3 39.0 43.7,39.1 45.2 48.3,43.5 48.9 53.4,
2860,21.4 25.5 31.2,21.4 25.1 29.5,25.5 28.3 31.2,24.3 29.7 33.7,25.3 29.7 36.4,28.8 34.7 37.4,34.9 38.9 46.1,39.4 43.5 48.4,40.1 43.7 49.8,
2861,24.1 28.4 30.4,24.5 28.2 32.2,24.6 29.1 32.4,26.2 29.6 31.5,29.6 30.8 34.4,31.5 35.7 42.4,36.3 39.0 43.7,39.1 45.2 48.3,43.5 48.9 53.4,
2867,24.1 28.4 30.4,24.5 28.2 32.2,24.6 29.1 32.4,26.2 29.6 31.5,29.6 30.8 34.4,31.5 35.7 42.4,36.3 39.0 43.7,39.1 45.2 48.3,43.5 48.9 53.4,
2868,16.1 18.5 26.8,19.5 22.3 24.2,19.5 22.3 24.2,22.2 24.4 27.6,18.9 24.1 30.6,20.0 24.6 31.8,24.1 31.0 33.7,25.8 32.8 39.2,34.1 39.5 41.8,
2869,,19.4 20.2 24.8,19.4 20.2 24.8,19.4 20.2 24.8,19.4 20.2 24.8,19.4 20.2 24.8,19.4 20.2 24.8,32.2 35.2 41.5,33.4 37.4 51.1,
2871,20.9 22.0 24.2,22.6 24.7 26.5,23.3 24.6 25.7,22.4 24.3 25.3,19.2 24.6 30.7,22.3 26.6 28.8,23.6 34.9 38.1,31.2 36.2 38.4,33.6 36.4 41.1,
2877,19.7 21.0 22.8,21.4 22.1 26.0,20.0 21.7 25.8,20.0 22.1 26.5,20.7 21.9 27.5,23.6 25.4 30.7,27.9 30.0 33.4,30.0 32.1 33.7,31.3 34.9 43.8,
2883,16.1 18.5 26.8,19.5 22.3 24.2,19.5 22.3 24.2,22.2 24.4 27.6,18.9 24.1 30.6,20.0 24.6 31.8,24.1 31.0 33.7,25.8 32.8 39.2,34.1 39.5 41.8,
2885,21.4 25.5 31.2,21.4 25.1 29.5,25.5 28.3 31.2,24.3 29.7 33.7,25.3 29.7 36.4,28.8 34.7 37.4,34.9 38.9 46.1,39.4 43.5 48.4,40.1 43.7 49.8,
2887,20.9 22.0 24.2,22.6 24.7 26.5,23.3 24.6 25.7,22.4 24.3 25.3,19.2 24.6 30.7,22.3 26.6 28.8,23.6 34.9 38.1,31.2 36.2 38.4,33.6 36.4 41.1,
2889,22.0 24.8 25.4,22.8 23.8 26.3,23.1 24.6 26.4,22.5 24.0 26.1,22.4 24.7 26.4,23.8 27.1 31.4,27.3 30.6 33.5,32.5 38.0 41.5,33.2 38.7 41.8,
2890,24.6 33.6 50.0,33.0 38.8 54.0,34.5 41.3 54.0,34.2 42.6 49.4,37.5 41.8 46.0,37.3 44.4 51.8,42.0 47.4 59.5,44.4 50.8 62.0,49.3 58.1 62.0,
2893,19.7 21.0 22.8,21.4 22.1 26.0,20.0 21.7 25.8,20.0 22.1 26.5,20.7 21.9 27.5,23.6 25.4 30.7,27.9 30.0 33.4,30.0 32.1 33.7,31.3 34.9 43.8,
2894,17.7 19.7 22.0,17.7 19.7 22.0,17.7 19.7 22.0,17.7 19.7 22.0,17.7 19.7 22.0,17.7 19.7 22.0,23.3 26.6 29.9,31.9 35.2 37.7,30.6 34.7 38.3,
2896,,,21.2 23.7 25.7,23.9 25.4 26.6,24.3 25.0 26.0,24.6 25.9 28.1,29.1 32.1 36.3,33.3 35.6 40.7,33.0 37.3 41.6,
2897,20.9 22.0 24.2,22.6 24.7 26.5,23.3 24.6 25.7,22.4 24.3 25.3,19.2 24.6 30.7,22.3 26.6 28.8,23.6 34.9 38.1,31.2 36.2 38.4,33.6 36.4 41.1,
2898,,23.5 29.9 31.9,27.7 29.9 33.6,24.9 34.0 34.9,30.4 32.0 34.0,28.0 32.0 49.9,28.8 34.3 38.8,34.8 38.1 40.7,37.3 43.1 54.9,
2899,20.9 22.0 24.2,22.6 24.7 26.5,23.3 24.6 25.7,22.4 24.3 25.3,19.2 24.6 30.7,22.3 26.6 28.8,23.6 34.9 38.1,31.2 36.2 38.4,33.6 36.4 41.1,
2900,21.4 25.5 31.2,21.4 25.1 29.5,25.5 28.3 31.2,24.3 29.7 33.7,25.3 29.7 36.4,28.8 34.7 37.4,34.9 38.9 46.1,39.4 43.5 48.4,40.1 43.7 49.8,
2905,,23.5 29.9 31.9,27.7 29.9 33.6,24.9 34.0 34.9,30.4 32.0 34.0,28.0 32.0 49.9,28.8 34.3 38.8,34.8 38.1 40.7,37.3 43.1 54.9,
2906,20.9 22.0 24.2,22.6 24.7 26.5,23.3 24.6 25.7,22.4 24.3 25.3,19.2 24.6 30.7,22.3 26.6 28.8,23.6 34.9 38.1,31.2 36.2 38.4,33.6 36.4 41.1,
2910,21.9 23.3 27.3,24.2 25.8 26.9,23.1 25.1 27.8,24.0 27.6 27.9,26.1 27.8 29.0,27.6 28.5 31.4,28.7 33.3 36.6,35.0 36.7 39.3,33.4 38.2 41.0,
2912,23.1 26.0 32.0,24.4 30.0 33.5,25.8 30.9 32.9,26.7 28.9 31.6,27.5 29.8 34.7,28.2 32.1 35.7,30.2 34.5 41.4,36.7 41.7 47.6,38.8 42.0 49.3,
2913,23.1 26.0 32.0,24.4 30.0 33.5,25.8 30.9 32.9,26.7 28.9 31.6,27.5 29.8 34.7,28.2 32.1 35.7,30.2 34.5 41.4,36.7 41.7 47.6,38.8 42.0 49.3,
2914,,23.5 29.9 31.9,27.7 29.9 33.6,24.9 34.0 34.9,30.4 32.0 34.0,28.0 32.0 49.9,28.8 34.3 38.8,34.8 38.1 40.7,37.3 43.1 54.9,
2917,17.2 21.5 24.5,19.9 21.5 26.6,18.0 22.9 23.8,18.0 22.9 23.8,18.0 22.9 23.8,21.4 24.8 28.5,28.2 29.8 35.2,31.4 34.7 39.1,32.6 37.2 43.6,
2918,17.2 21.5 24.5,19.9 21.5 26.6,18.0 22.9 23.8,18.0 22.9 23.8,18.0 22.9 23.8,21.4 24.8 28.5,28.2 29.8 35.2,31.4 34.7 39.1,32.6 37.2 43.6,
2919,23.1 26.0 32.0,24.4 30.0 33.5,25.8 30.9 32.9,26.7 28.9 31.6,27.5 29.8 34.7,28.2 32.1 35.7,30.2 34.5 41.4,36.7 41.7 47.6,38.8 42.0 49.3,
2923,19.4 27.1 33.3,18.9 30.7 38.2,27.4 29.8 32.3,26.0 29.9 32.6,30.2 34.6 36.5,27.2 34.2 38.4,29.7 36.8 40.0,39.6 41.8 49.1,39.3 48.5 51.8,
2929,179.7 206.6 262.2,194.8 256.1 298.7,213.4 220.8 282.9,180.5 246.1 269.5,185.3 246.8 279.2,201.2 264.5 292.2,158.7 258.0 309.7,233.7 278.8 313.3,241.3 327.6 343.6,
2930,19.4 27.1 33.3,18.9 30.7 38.2,27.4 29.8 32.3,26.0 29.9 32.6,30.2 34.6 36.5,27.2 34.2 38.4,29.7 36.8 40.0,39.6 41.8 49.1,39.3 48.5 51.8,
2941,19.4 27.1 33.3,18.9 30.7 38.2,27.4 29.8 32.3,26.0 29.9 32.6,30.2 34.6 36.5,27.2 34.2 38.4,29.7 36.8 40.0,39.6 41.8 49.1,39.3 48.5 51.8,
2944,19.4 27.1 33.3,18.9 30.7 38.2,27.4 29.8 32.3,26.0 29.9 32.6,30.2 34.6 36.5,27.2 34.2 38.4,29.7 36.8 40.0,39.6 41.8 49.1,39.3 48.5 51.8,
2955,19.4 27.1 33.3,18.9 30.7 38.2,27.4 29.8 32.3,26.0 29.9 32.6,30.2 34.6 36.5,27.2 34.2 38.4,29.7 36.8 40.0,39.6 41.8 49.1,39.3 48.5 51.8,
2959,19.4 27.1 33.3,18.9 30.7 38.2,27.4 29.8 32.3,26.0 29.9 32.6,30.2 34.6 36.5,27.2 34.2 38.4,29.7 36.8 40.0,39.6 41.8 49.1,39.3 48.5 51.8,
2965,127.1 157.9 198.6,122.3 158.6 180.0,133.0 158.3 187.5,128.1 151.0 188.8,126.1 147.5 195.5,122.3 151.3 236.2,139.4 198.9 252.2,139.2 193.9 262.2,173.0 200.0 279.9,
2968,128.5 164.7 212.2,115.6 151.4 203.7,106.3 129.3 209.5,115.6 141.4 236.4,102.9 136.4 206.5,109.3 139.6 226.4,115.6 148.2 226.8,130.2 190.6 265.6,136.3 194.8 283.7,
2976,127.1 157.9 198.6,122.3 158.6 180.0,133.0 158.3 187.5,128.1 151.0 188.8,126.1 147.5 195.5,122.3 151.3 236.2,139.4 198.9 252.2,139.2 193.9 262.2,173.0 200.0 279.9,
2985,127.1 157.9 198.6,122.3 158.6 180.0,133.0 158.3 187.5,128.1 151.0 188.8,126.1 147.5 195.5,122.3 151.3 236.2,139.4 198.9 252.2,139.2 193.9 262.2,173.0 200.0 279.9,
2990,19.4 27.1 33.3,18.9 30.7 38.2,27.4 29.8 32.3,26.0 29.9 32.6,30.2 34.6 36.5,27.2 34.2 38.4,29.7 36.8 40.0,39.6 41.8 49.1,39.3 48.5 51.8,
2993,154.3 172.2 240.4,165.7 172.2 188.1,156.4 164.8 193.4,149.2 174.6 232.9,160.0 185.5 234.2,164.8 193.2 248.1,173.5 216.3 268.5,204.8 237.3 343.1,241.1 279.2 349.2,
2994,127.1 157.9 198.6,122.3 158.6 180.0,133.0 158.3 187.5,128.1 151.0 188.8,126.1 147.5 195.5,122.3 151.3 236.2,139.4 198.9 252.2,139.2 193.9 262.2,173.0 200.0 279.9,
3004,127.1 157.9 198.6,122.3 158.6 180.0,133.0 158.3 187.5,128.1 151.0 188.8,126.1 147.5 195.5,122.3 151.3 236.2,139.4 198.9 252.2,139.2 193.9 262.2,173.0 200.0 279.9,
3009,19.4 27.1 33.3,18.9 30.7 38.2,27.4 29.8 32.3,26.0 29.9 32.6,30.2 34.6 36.5,27.2 34.2 38.4,29.7 36.8 40.0,39.6 41.8 49.1,39.3 48.5 51.8,
3017,19.4 27.1 33.3,18.9 30.7 38.2,27.4 29.8 32.3,26.0 29.9 32.6,30.2 34.6 36.5,27.2 34.2 38.4,29.7 36.8 40.0,39.6 41.8 49.1,39.3 48.5 51.8,
3018,19.4 27.1 33.3,18.9 30.7 38.2,27.4 29.8 32.3,26.0 29.9 32.6,30.2 34.6 36.5,27.2 34.2 38.4,29.7 36.8 40.0,39.6 41.8 49.1,39.3 48.5 51.8,
3019,19.4 27.1 33.3,18.9 30.7 38.2,27.4 29.8 32.3,26.0 29.9 32.6,30.2 34.6 36.5,27.2 34.2 38.4,29.7 36.8 40.0,39.6 41.8 49.1,39.3 48.5 51.8,
3021,19.4 27.1 33.3,18.9 30.7 38.2,27.4 29.8 32.3,26.0 29.9 32.6,30.2 34.6 36.5,27.2 34.2 38.4,29.7 36.8 40.0,39.6 41.8 49.1,39.3 48.5 51.8,
3022,19.4 27.1 33.3,18.9 30.7 38.2,27.4 29.8 32.3,26.0 29.9 32.6,30.2 34.6 36.5,27.2 34.2 38.4,29.7 36.8 40.0,39.6 41.8 49.1,39.3 48.5 51.8,
3024,19.4 27.1 33.3,18.9 30.7 38.2,27.4 29.8 32.3,26.0 29.9 32.6,30.2 34.6 36.5,27.2 34.2 38.4,29.7 36.8 40.0,39.6 41.8 49.1,39.3 48.5 51.8,
3025,19.4 27.1 33.3,18.9 30.7 38.2,27.4 29.8 32.3,26.0 29.9 32.6,30.2 34.6 36.5,27.2 34.2 38.4,29.7 36.8 40.0,39.6 41.8 49.1,39.3 48.5 51.8,
3029,160.5 214.8 305.4,166.7 223.6 266.5,158.4 193.4 250.7,143.7 177.9 310.1,117.8 191.4 300.0,152.6 202.6 317.1,166.0 203.6 317.1,152.7 224.4 273.3,155.7 240.0 300.0,
3034,19.4 27.1 33.3,18.9 30.7 38.2,27.4 29.8 32.3,26.0 29.9 32.6,30.2 34.6 36.5,27.2 34.2 38.4,29.7 36.8 40.0,39.6 41.8 49.1,39.3 48.5 51.8,
3037,160.5 214.8 305.4,166.7 223.6 266.5,158.4 193.4 250.7,143.7 177.9 310.1,117.8 191.4 300.0,152.6 202.6 317.1,166.0 203.6 317.1,152.7 224.4 273.3,155.7 240.0 300.0,
3041,129.0 153.0 168.4,116.1 135.0 163.5,116.1 135.0 163.5,116.1 135.0 163.5,96.9 119.8 202.6,121.5 161.3 225.7,135.3 163.1 247.8,152.7 182.5 250.0,161.3 200.0 288.8,
3045,129.0 153.0 168.4,116.1 135.0 163.5,116.1 135.0 163.5,116.1 135.0 163.5,96.9 119.8 202.6,121.5 161.3 225.7,135.3 163.1 247.8,152.7 182.5 250.0,161.3 200.0 288.8,
3048,19.4 27.1 33.3,18.9 30.7 38.2,27.4 29.8 32.3,26.0 29.9 32.6,30.2 34.6 36.5,27.2 34.2 38.4,29.7 36.8 40.0,39.6 41.8 49.1,39.3 48.5 51.8,
3055,19.4 27.1 33.3,18.9 30.7 38.2,27.4 29.8 32.3,26.0 29.9 32.6,30.2 34.6 36.5,27.2 34.2 38.4,29.7 36.8 40.0,39.6 41.8 49.1,39.3 48.5 51.8,
3056,127.1 157.9 198.6,122.3 158.6 180.0,133.0 158.3 187.5,128.1 151.0 188.8,126.1 147.5 195.5,122.3 151.3 236.2,139.4 198.9 252.2,139.2 193.9 262.2,173.0 200.0 279.9,
3066,113.3 158.1 182.8,147.7 173.1 241.4,,143.8 156.2 166.6,134.1 141.4 195.1,127.3 150.2 198.9,139.4 164.5 194.5,183.3 214.2 232.6,200.0 230.0 250.9,
3070,19.4 27.1 33.3,18.9 30.7 38.2,27.4 29.8 32.3,26.0 29.9 32.6,30.2 34.6 36.5,27.2 34.2 38.4,29.7 36.8 40.0,39.6 41.8 49.1,39.3 48.5 51.8,
3071,19.4 27.1 33.3,18.9 30.7 38.2,27.4 29.8 32.3,26.0 29.9 32.6,30.2 34.6 36.5,27.2 34.2 38.4,29.7 36.8 40.0,39.6 41.8 49.1,39.3 48.5 51.8,
3072,128.5 164.7 212.2,115.6 151.4 203.7,106.3 129.3 209.5,115.6 141.4 236.4,102.9 136.4 206.5,109.3 139.6 226.4,115.6 148.2 226.8,130.2 190.6 265.6,136.3 194.8 283.7,
3073,129.0 153.0 168.4,116.1 135.0 163.5,116.1 135.0 163.5,116.1 135.0 163.5,96.9 119.8 202.6,121.5 161.3 225.7,135.3 163.1 247.8,152.7 182.5 250.0,161.3 200.0 288.8,
3078,128.5 164.7 212.2,115.6 151.4 203.7,106.3 129.3 209.5,115.6 141.4 236.4,102.9 136.4 206.5,109.3 139.6 226.4,115.6 148.2 226.8,130.2 190.6 265.6,136.3 194.8 283.7,
3081,19.4 27.1 33.3,18.9 30.7 38.2,27.4 29.8 32.3,26.0 29.9 32.6,30.2 34.6 36.5,27.2 34.2 38.4,29.7 36.8 40.0,39.6 41.8 49.1,39.3 48.5 51.8,
3084,160.5 214.8 305.4,166.7 223.6 266.5,158.4 193.4 250.7,143.7 177.9 310.1,117.8 191.4 300.0,152.6 202.6 317.1,166.0 203.6 317.1,152.7 224.4 273.3,155.7 240.0 300.0,
3085,19.4 27.1 33.3,18.9 30.7 38.2,27.4 29.8 32.3,26.0 29.9 32.6,30.2 34.6 36.5,27.2 34.2 38.4,29.7 36.8 40.0,39.6 41.8 49.1,39.3 48.5 51.8,
3086,19.4 27.1 33.3,18.9 30.7 38.2,27.4 29.8 32.3,26.0 29.9 32.6,30.2 34.6 36.5,27.2 34.2 38.4,29.7 36.8 40.0,39.6 41.8 49.1,39.3 48.5 51.8,
3089,129.0 153.0 168.4,116.1 135.0 163.5,116.1 135.0 163.5,116.1 135.0 163.5,96.9 119.8 202.6,121.5 161.3 225.7,135.3 163.1 247.8,152.7 182.5 250.0,161.3 200.0 288.8,
3093,113.3 158.1 182.8,147.7 173.1 241.4,,143.8 156.2 166.6,134.1 141.4 195.1,127.3 150.2 198.9,139.4 164.5 194.5,183.3 214.2 232.6,200.0 230.0 250.9,
3094,,28.1 30.8 32.1,27.5 30.0 31.6,27.5 30.0 31.6,29.5 31.8 32.5,29.5 31.8 32.5,41.4 41.8 51.0,43.0 46.1 50.7,42.0 48.6 54.1,
3095,154.3 172.2 240.4,165.7 172.2 188.1,156.4 164.8 193.4,149.2 174.6 232.9,160.0 185.5 234.2,164.8 193.2 248.1,173.5 216.3 268.5,204.8 237.3 343.1,241.1 279.2 349.2,
3097,129.0 153.0 168.4,116.1 135.0 163.5,116.1 135.0 163.5,116.1 135.0 163.5,96.9 119.8 202.6,121.5 161.3 225.7,135.3 163.1 247.8,152.7 182.5 250.0,161.3 200.0 288.8,
3099,113.3 158.1 182.8,147.7 173.1 241.4,,143.8 156.2 166.6,134.1 141.4 195.1,127.3 150.2 198.9,139.4 164.5 194.5,183.3 214.2 232.6,200.0 230.0 250.9,
3107,19.4 27.1 33.3,18.9 30.7 38.2,27.4 29.8 32.3,26.0 29.9 32.6,30.2 34.6 36.5,27.2 34.2 38.4,29.7 36.8 40.0,39.6 41.8 49.1,39.3 48.5 51.8,
3110,19.4 27.1 33.3,18.9 30.7 38.2,27.4 29.8 32.3,26.0 29.9 32.6,30.2 34.6 36.5,27.2 34.2 38.4,29.7 36.8 40.0,39.6 41.8 49.1,39.3 48.5 51.8,
3112,160.5 214.8 305.4,166.7 223.6 266.5,158.4 193.4 250.7,143.7 177.9 310.1,117.8 191.4 300.0,152.6 202.6 317.1,166.0 203.6 317.1,152.7 224.4 273.3,155.7 240.0 300.0,
3119,135.8 175.5 207.7,132.5 173.2 209.5,132.5 173.2 209.5,138.0 175.9 218.7,133.6 156.3 205.3,129.4 168.0 224.6,134.5 178.7 264.4,180.0 213.7 309.3,196.4 244.8 298.0,
3126,129.0 153.0 168.4,116.1 135.0 163.5,116.1 135.0 163.5,116.1 135.0 163.5,96.9 119.8 202.6,121.5 161.3 225.7,135.3 163.1 247.8,152.7 182.5 250.0,161.3 200.0 288.8,
3127,113.3 158.1 182.8,147.7 173.1 241.4,,143.8 156.2 166.6,134.1 141.4 195.1,127.3 150.2 198.9,139.4 164.5 194.5,183.3 214.2 232.6,200.0 230.0 250.9,
3128,129.0 153.0 168.4,116.1 135.0 163.5,116.1 135.0 163.5,116.1 135.0 163.5,96.9 119.8 202.6,121.5 161.3 225.7,135.3 163.1 247.8,152.7 182.5 250.0,161.3 200.0 288.8,
3131,19.4 27.1 33.3,18.9 30.7 38.2,27.4 29.8 32.3,26.0 29.9 32.6,30.2 34.6 36.5,27.2 34.2 38.4,29.7 36.8 40.0,39.6 41.8 49.1,39.3 48.5 51.8,
3132,19.4 27.1 33.3,18.9 30.7 38.2,27.4 29.8 32.3,26.0 29.9 32.6,30.2 34.6 36.5,27.2 34.2 38.4,29.7 36.8 40.0,39.6 41.8 49.1,39.3 48.5 51.8,
3136,19.4 27.1 33.3,18.9 30.7 38.2,27.4 29.8 32.3,26.0 29.9 32.6,30.2 34.6 36.5,27.2 34.2 38.4,29.7 36.8 40.0,39.6 41.8 49.1,39.3 48.5 51.8,
3138,129.0 153.0 168.4,116.1 135.0 163.5,116.1 135.0 163.5,116.1 135.0 163.5,96.9 119.8 202.6,121.5 161.3 225.7,135.3 163.1 247.8,152.7 182.5 250.0,161.3 200.0 288.8,
3140,19.4 27.1 33.3,18.9 30.7 38.2,27.4 29.8 32.3,26.0 29.9 32.6,30.2 34.6 36.5,27.2 34.2 38.4,29.7 36.8 40.0,39.6 41.8 49.1,39.3 48.5 51.8,
3154,129.0 153.0 168.4,116.1 135.0 163.5,116.1 135.0 163.5,116.1 135.0 163.5,96.9 119.8 202.6,121.5 161.3 225.7,135.3 163.1 247.8,152.7 182.5 250.0,161.3 200.0 288.8,
3155,129.0 153.0 168.4,116.1 135.0 163.5,116.1 135.0 163.5,116.1 135.0 163.5,96.9 119.8 202.6,121.5 161.3 225.7,135.3 163.1 247.8,152.7 182.5 250.0,161.3 200.0 288.8,
3159,127.1 157.9 198.6,122.3 158.6 180.0,133.0 158.3 187.5,128.1 151.0 188.8,126.1 147.5 195.5,122.3 151.3 236.2,139.4 198.9 252.2,139.2 193.9 262.2,173.0 200.0 279.9,
3160,129.0 153.0 168.4,116.1 135.0 163.5,116.1 135.0 163.5,116.1 135.0 163.5,96.9 119.8 202.6,121.5 161.3 225.7,135.3 163.1 247.8,152.7 182.5 250.0,161.3 200.0 288.8,
3164,19.4 27.1 33.3,18.9 30.7 38.2,27.4 29.8 32.3,26.0 29.9 32.6,30.2 34.6 36.5,27.2 34.2 38.4,29.7 36.8 40.0,39.6 41.8 49.1,39.3 48.5 51.8,
3168,19.4 27.1 33.3,18.9 30.7 38.2,27.4 29.8 32.3,26.0 29.9 32.6,30.2 34.6 36.5,27.2 34.2 38.4,29.7 36.8 40.0,39.6 41.8 49.1,39.3 48.5 51.8,
3185,42.4 46.0 50.5,45.1 50.5 53.2,45.1 50.5 53.2,45.2 50.7 54.2,44.7 51.2 56.0,50.0 54.9 62.0,53.9 61.8 66.2,53.9 61.8 66.2,69.4 73.6 80.0,
3192,24.6 30.2 39.0,27.8 31.8 39.7,30.8 38.5 47.9,29.6 31.8 36.9,31.1 35.2 40.5,34.4 41.4 45.9,35.9 48.9 57.3,40.4 46.7 51.6,46.7 53.4 59.3,
3270,22.0 28.9 33.0,22.4 30.9 34.6,24.5 30.0 34.2,28.5 33.2 38.5,28.2 35.9 38.8,28.8 35.6 40.8,32.9 41.5 45.5,40.3 43.3 46.7,40.4 49.9 57.7,
3284,24.6 30.2 39.0,27.8 31.8 39.7,30.8 38.5 47.9,29.6 31.8 36.9,31.1 35.2 40.5,34.4 41.4 45.9,35.9 48.9 57.3,40.4 46.7 51.6,46.7 53.4 59.3,
3285,24.6 30.2 39.0,27.8 31.8 39.7,30.8 38.5 47.9,29.6 31.8 36.9,31.1 35.2 40.5,34.4 41.4 45.9,35.9 48.9 57.3,40.4 46.7 51.6,46.7 53.4 59.3,
3286,24.6 30.2 39.0,27.8 31.8 39.7,30.8 38.5 47.9,29.6 31.8 36.9,31.1 35.2 40.5,34.4 41.4 45.9,35.9 48.9 57.3,40.4 46.7 51.6,46.7 53.4 59.3,
3288,24.6 30.2 39.0,27.8 31.8 39.7,30.8 38.5 47.9,29.6 31.8 36.9,31.1 35.2 40.5,34.4 41.4 45.9,35.9 48.9 57.3,40.4 46.7 51.6,46.7 53.4 59.3,
3289,24.6 30.2 39.0,27.8 31.8 39.7,30.8 38.5 47.9,29.6 31.8 36.9,31.1 35.2 40.5,34.4 41.4 45.9,35.9 48.9 57.3,40.4 46.7 51.6,46.7 53.4 59.3,
4064,,39.0 41.0 52.0,36.5 38.9 45.3,36.5 40.0 44.0,38.9 42.1 47.5,40.5 43.8 50.0,42.4 45.3 50.0,50.0 55.0 59.5,52.8 57.5 62.7,
4104,,39.0 41.0 52.0,36.5 38.9 45.3,36.5 40.0 44.0,38.9 42.1 47.5,40.5 43.8 50.0,42.4 45.3 50.0,50.0 55.0 59.5,52.8 57.5 62.7,
4106,,39.0 41.0 52.0,36.5 38.9 45.3,36.5 40.0 44.0,38.9 42.1 47.5,40.5 43.8 50.0,42.4 45.3 50.0,50.0 55.0 59.5,52.8 57.5 62.7,
4115,,39.0 41.0 52.0,36.5 38.9 45.3,36.5 40.0 44.0,38.9 42.1 47.5,40.5 43.8 50.0,42.4 45.3 50.0,50.0 55.0 59.5,52.8 57.5 62.7,
4116,,39.0 41.0 52.0,36.5 38.9 45.3,36.5 40.0 44.0,38.9 42.1 47.5,40.5 43.8 50.0,42.4 45.3 50.0,50.0 55.0 59.5,52.8 57.5 62.7,
4127,,39.0 41.0 52.0,36.5 38.9 45.3,36.5 40.0 44.0,38.9 42.1 47.5,40.5 43.8 50.0,42.4 45.3 50.0,50.0 55.0 59.5,52.8 57.5 62.7,
4129,,39.0 41.0 52.0,36.5 38.9 45.3,36.5 40.0 44.0,38.9 42.1 47.5,40.5 43.8 50.0,42.4 45.3 50.0,50.0 55.0 59.5,52.8 57.5 62.7,
4146,25.4 28.0 29.6,26.9 28.7 31.1,26.7 28.6 30.1,26.7 29.0 31.9,27.2 29.6 31.0,28.1 32.5 40.9,35.6 38.9 40.9,36.6 39.4 43.0,38.9 44.7 49.3,
4156,,39.0 41.0 52.0,36.5 38.9 45.3,36.5 40.0 44.0,38.9 42.1 47.5,40.5 43.8 50.0,42.4 45.3 50.0,50.0 55.0 59.5,52.8 57.5 62.7,
4161,25.4 28.0 29.6,26.9 28.7 31.1,26.7 28.6 30.1,26.7 29.0 31.9,27.2 29.6 31.0,28.1 32.5 40.9,35.6 38.9 40.9,36.6 39.4 43.0,38.9 44.7 49.3,
4165,,39.0 41.0 52.0,36.5 38.9 45.3,36.5 40.0 44.0,38.9 42.1 47.5,40.5 43.8 50.0,42.4 45.3 50.0,50.0 55.0 59.5,52.8 57.5 62.7,
4190,,39.0 41.0 52.0,36.5 38.9 45.3,36.5 40.0 44.0,38.9 42.1 47.5,40.5 43.8 50.0,42.4 45.3 50.0,50.0 55.0 59.5,52.8 57.5 62.7,
4192,,39.0 41.0 52.0,36.5 38.9 45.3,36.5 40.0 44.0,38.9 42.1 47.5,40.5 43.8 50.0,42.4 45.3 50.0,50.0 55.0 59.5,52.8 57.5 62.7,
4197,25.4 28.0 29.6,26.9 28.7 31.1,26.7 28.6 30.1,26.7 29.0 31.9,27.2 29.6 31.0,28.1 32.5 40.9,35.6 38.9 40.9,36.6 39.4 43.0,38.9 44.7 49.3,
4209,,39.0 41.0 52.0,36.5 38.9 45.3,36.5 40.0 44.0,38.9 42.1 47.5,40.5 43.8 50.0,42.4 45.3 50.0,50.0 55.0 59.5,52.8 57.5 62.7,
4210,,39.0 41.0 52.0,36.5 38.9 45.3,36.5 40.0 44.0,38.9 42.1 47.5,40.5 43.8 50.0,42.4 45.3 50.0,50.0 55.0 59.5,52.8 57.5 62.7,
